Player,Rank,POS,AVG,Rk,Tmrank,FantPos,Age,G,GS,Cmprank,Attrank,Ydsrank,TDrank,Intrank,Att.1rank,Yds.1rank,Y/A,TD.1rank,Tgtrzru,Recrzru,Yds.2rzpa,Y/R,TD.2rzpa,Fmb,FL,TD.3,2PM,2PP,FantPt,PPR,DKPt,FDPt,VBD,PosRank,OvRank,Cmprzpa,Attrzpa,Cmp%,Ydsrzpa,TDrzpa,Intrzpa,Cmp.1,Att.1rzpa,Cmp%.1,Yds.1rzpa,TD.1rzpa,Int.1,Att,Ydsrzru,TDrzru,%Rush,Att.1,Yds.1rzru,TD.1rzru,%Rush.1,Att.2,Yds.2rzru,TD.2rzru,%Rush.2,Tgtrzre,Recrzre,Ctch%,Ydsrzre,TDrzre,%Tgt,Tgt.1,Rec.1,Ctch%.1,Yds.1rzre,TD.1rzre,%Tgt.1,Difference
Christian McCaffrey,1.0,RB1,1.0,140.0,CAR,RB,25.0,7.0,7.0,0.0,0.0,0.0,0.0,0.0,99.0,442.0,4.46,1.0,41.0,37.0,343.0,9.27,1.0,1.0,0.0,2.0,0.0,0.0,91.0,127.5,133.5,109.0,0.0,44.0,0.0,0.0,0.0,0.0,0.0,0.0,0.0,0.0,0.0,0.0,0.0,0.0,0.0,16.0,47.0,1.0,22.9,9.0,20.0,0.0,24.3,3.0,-2.0,0.0,20.0,2.0,2.0,100.0,24.0,0.0,4.0,0.0,0.0,0.0,0.0,0.0,0.0,-139.0
Dalvin Cook,2.0,RB2,2.0,46.0,MIN,RB,26.0,13.0,13.0,0.0,0.0,0.0,0.0,0.0,249.0,1159.0,4.65,6.0,49.0,34.0,224.0,6.59,0.0,3.0,2.0,6.0,1.0,0.0,172.0,206.3,214.3,189.3,25.0,15.0,46.0,0.0,0.0,0.0,0.0,0.0,0.0,0.0,0.0,0.0,0.0,0.0,0.0,45.0,112.0,5.0,54.2,26.0,35.0,4.0,54.2,12.0,2.0,3.0,70.6,1.0,1.0,100.0,4.0,0.0,1.4,0.0,0.0,0.0,0.0,0.0,0.0,-44.0
Derrick Henry,3.0,RB3,3.0,44.0,TEN,RB,27.0,8.0,8.0,1.0,1.0,5.0,1.0,0.0,219.0,937.0,4.28,10.0,20.0,18.0,154.0,8.56,0.0,1.0,0.0,10.0,1.0,0.0,175.0,193.3,199.3,184.3,28.0,14.0,44.0,1.0,1.0,100.0,5.0,1.0,0.0,1.0,1.0,100.0,5.0,1.0,0.0,34.0,103.0,9.0,41.0,19.0,53.0,8.0,42.2,9.0,8.0,5.0,39.1,2.0,2.0,100.0,7.0,0.0,2.5,0.0,0.0,0.0,0.0,0.0,0.0,-41.0
Alvin Kamara,4.0,RB4,4.0,32.0,NOR,RB,26.0,13.0,10.0,0.0,0.0,0.0,0.0,0.0,240.0,898.0,3.74,4.0,67.0,47.0,439.0,9.34,5.0,0.0,0.0,9.0,0.0,0.0,188.0,234.7,240.7,211.2,39.0,9.0,32.0,0.0,0.0,0.0,0.0,0.0,0.0,0.0,0.0,0.0,0.0,0.0,0.0,40.0,87.0,3.0,52.6,17.0,11.0,2.0,54.8,9.0,-1.0,2.0,60.0,12.0,9.0,75.0,70.0,5.0,19.4,5.0,3.0,60.0,9.0,1.0,19.2,-28.0
Ezekiel Elliott,5.0,RB5,5.0,22.0,DAL,RB,26.0,17.0,17.0,1.0,1.0,4.0,0.0,0.0,237.0,1002.0,4.23,10.0,65.0,47.0,287.0,6.11,2.0,1.0,1.0,12.0,3.0,0.0,205.0,252.1,259.1,228.6,56.0,6.0,22.0,1.0,1.0,100.0,4.0,0.0,0.0,0.0,0.0,0.0,0.0,0.0,0.0,36.0,124.0,10.0,48.6,18.0,27.0,7.0,52.9,12.0,10.0,6.0,60.0,14.0,10.0,71.43,41.0,2.0,13.9,5.0,5.0,100.0,22.0,2.0,13.9,-17.0
Nick Chubb,6.0,RB6,6.0,24.0,CLE,RB,26.0,14.0,14.0,0.0,0.0,0.0,0.0,0.0,228.0,1259.0,5.52,8.0,25.0,20.0,174.0,8.7,1.0,2.0,1.0,9.0,0.0,0.0,195.0,215.3,222.3,205.3,46.0,7.0,24.0,0.0,0.0,0.0,0.0,0.0,0.0,0.0,0.0,0.0,0.0,0.0,0.0,39.0,124.0,5.0,44.3,22.0,46.0,4.0,51.2,10.0,15.0,4.0,52.6,1.0,1.0,100.0,5.0,1.0,1.8,1.0,1.0,100.0,5.0,1.0,3.6,-18.0
Aaron Jones,7.0,RB7,8.3,42.0,GNB,RB,27.0,15.0,15.0,0.0,0.0,0.0,0.0,0.0,171.0,799.0,4.67,4.0,65.0,52.0,391.0,7.52,6.0,2.0,1.0,10.0,0.0,0.0,177.0,229.0,236.0,203.0,29.0,13.0,42.0,0.0,0.0,0.0,0.0,0.0,0.0,0.0,0.0,0.0,0.0,0.0,0.0,33.0,91.0,4.0,37.1,16.0,32.0,4.0,35.6,6.0,9.0,4.0,30.0,17.0,14.0,82.35,66.0,5.0,14.4,5.0,5.0,100.0,19.0,3.0,9.8,-33.7
Davante Adams,8.0,WR1,8.3,12.0,GNB,WR,29.0,16.0,16.0,0.0,0.0,0.0,0.0,0.0,0.0,0.0,0.0,0.0,169.0,123.0,1553.0,12.63,11.0,0.0,0.0,11.0,0.0,0.0,221.0,344.3,347.3,282.8,94.0,5.0,12.0,0.0,0.0,0.0,0.0,0.0,0.0,0.0,0.0,0.0,0.0,0.0,0.0,0.0,0.0,0.0,0.0,0.0,0.0,0.0,0.0,0.0,0.0,0.0,0.0,28.0,19.0,67.86,115.0,10.0,23.7,14.0,10.0,71.43,31.0,7.0,27.5,-3.6999999999999993
Jonathan Taylor,9.0,RB8,8.5,1.0,IND,RB,22.0,17.0,17.0,0.0,0.0,0.0,0.0,0.0,332.0,1811.0,5.45,18.0,51.0,40.0,360.0,9.0,2.0,4.0,2.0,20.0,0.0,0.0,333.0,373.1,381.1,353.1,176.0,1.0,1.0,0.0,0.0,0.0,0.0,0.0,0.0,0.0,0.0,0.0,0.0,0.0,0.0,85.0,251.0,14.0,80.2,41.0,64.0,13.0,78.8,26.0,27.0,11.0,83.9,2.0,2.0,100.0,13.0,0.0,3.2,1.0,1.0,100.0,7.0,0.0,2.8,7.5
Saquon Barkley,10.0,RB9,10.0,115.0,NYG,RB,24.0,13.0,13.0,0.0,0.0,0.0,0.0,0.0,162.0,593.0,3.66,2.0,57.0,41.0,263.0,6.41,2.0,2.0,1.0,4.0,0.0,0.0,108.0,148.6,155.6,128.1,0.0,34.0,0.0,0.0,0.0,0.0,0.0,0.0,0.0,0.0,0.0,0.0,0.0,0.0,0.0,11.0,16.0,2.0,24.4,6.0,13.0,2.0,26.1,2.0,2.0,1.0,18.2,3.0,1.0,33.33,18.0,1.0,5.4,1.0,0.0,0.0,0.0,0.0,3.6,-105.0
Tyreek Hill,11.0,WR2,11.0,19.0,KAN,WR,27.0,17.0,16.0,0.0,0.0,0.0,0.0,0.0,9.0,96.0,10.67,0.0,159.0,111.0,1239.0,11.16,9.0,2.0,1.0,9.0,0.0,0.0,186.0,296.5,300.5,241.0,60.0,7.0,19.0,0.0,0.0,0.0,0.0,0.0,0.0,0.0,0.0,0.0,0.0,0.0,0.0,2.0,6.0,0.0,2.2,0.0,0.0,0.0,0.0,0.0,0.0,0.0,0.0,30.0,20.0,66.67,107.0,8.0,25.6,12.0,9.0,75.0,38.0,7.0,20.0,-8.0
Travis Kelce,12.0,TE1,11.3,15.0,KAN,TE,32.0,16.0,16.0,0.0,0.0,0.0,0.0,0.0,2.0,3.0,1.5,1.0,134.0,92.0,1125.0,12.23,9.0,1.0,1.0,10.0,0.0,0.0,171.0,262.8,266.8,216.8,74.0,2.0,15.0,1.0,1.0,100.0,2.0,1.0,0.0,1.0,1.0,100.0,2.0,1.0,0.0,2.0,3.0,1.0,2.2,2.0,3.0,1.0,3.8,2.0,3.0,1.0,9.1,20.0,18.0,90.0,106.0,9.0,17.1,12.0,12.0,100.0,47.0,8.0,20.0,-3.6999999999999993
Patrick Mahomes,13.0,QB1,14.3,13.0,KAN,QB,26.0,17.0,17.0,436.0,658.0,4839.0,37.0,13.0,66.0,381.0,5.77,2.0,0.0,0.0,0.0,0.0,0.0,9.0,4.0,2.0,1.0,1.0,362.0,361.7,384.7,374.7,88.0,4.0,13.0,80.0,122.0,65.57,425.0,34.0,3.0,45.0,63.0,71.43,164.0,29.0,3.0,21.0,87.0,3.0,22.6,10.0,33.0,3.0,19.2,0.0,0.0,0.0,0.0,0.0,0.0,0.0,0.0,0.0,0.0,0.0,0.0,0.0,0.0,0.0,0.0,1.3000000000000007
Najee Harris,14.0,RB10,14.3,14.0,PIT,RB,23.0,17.0,17.0,0.0,0.0,0.0,0.0,0.0,307.0,1200.0,3.91,7.0,94.0,74.0,467.0,6.31,3.0,0.0,0.0,10.0,0.0,0.0,227.0,300.7,306.7,263.7,76.0,4.0,14.0,0.0,0.0,0.0,0.0,0.0,0.0,0.0,0.0,0.0,0.0,0.0,0.0,29.0,91.0,6.0,70.7,17.0,31.0,6.0,73.9,10.0,2.0,4.0,66.7,14.0,8.0,57.14,29.0,2.0,14.3,6.0,4.0,66.67,19.0,2.0,13.6,0.3000000000000007
Austin Ekeler,15.0,RB11,14.5,5.0,LAC,RB,26.0,16.0,16.0,0.0,0.0,0.0,0.0,0.0,206.0,911.0,4.42,12.0,94.0,70.0,647.0,9.24,8.0,4.0,3.0,20.0,2.0,0.0,274.0,343.8,352.8,308.8,120.0,2.0,5.0,0.0,0.0,0.0,0.0,0.0,0.0,0.0,0.0,0.0,0.0,0.0,0.0,46.0,156.0,12.0,46.0,25.0,55.0,10.0,48.1,12.0,13.0,7.0,52.2,16.0,14.0,87.5,135.0,8.0,16.3,3.0,2.0,66.67,12.0,2.0,6.1,9.5
Stefon Diggs,16.0,WR3,16.3,21.0,BUF,WR,28.0,17.0,17.0,0.0,0.0,0.0,0.0,0.0,0.0,0.0,0.0,0.0,164.0,103.0,1225.0,11.89,10.0,1.0,0.0,10.0,0.0,0.0,183.0,285.5,288.5,234.0,57.0,8.0,21.0,0.0,0.0,0.0,0.0,0.0,0.0,0.0,0.0,0.0,0.0,0.0,0.0,0.0,0.0,0.0,0.0,0.0,0.0,0.0,0.0,0.0,0.0,0.0,0.0,35.0,19.0,54.29,146.0,10.0,28.9,15.0,8.0,53.33,46.0,5.0,28.3,-4.699999999999999
Antonio Gibson,17.0,RB12,16.8,33.0,WAS,RB,23.0,16.0,14.0,0.0,0.0,0.0,0.0,0.0,258.0,1037.0,4.02,7.0,52.0,42.0,294.0,7.0,3.0,6.0,4.0,10.0,1.0,0.0,187.0,229.1,239.1,208.1,39.0,10.0,33.0,0.0,0.0,0.0,0.0,0.0,0.0,0.0,0.0,0.0,0.0,0.0,0.0,43.0,72.0,7.0,58.1,25.0,31.0,6.0,56.8,12.0,5.0,5.0,54.5,6.0,5.0,83.33,24.0,2.0,11.5,4.0,3.0,75.0,15.0,2.0,17.4,-16.2
Joe Mixon,19.0,RB13,19.3,11.0,CIN,RB,25.0,16.0,16.0,0.0,0.0,0.0,0.0,0.0,292.0,1205.0,4.13,13.0,48.0,42.0,314.0,7.48,3.0,2.0,1.0,16.0,0.0,0.0,246.0,287.9,294.9,266.9,94.0,3.0,11.0,1.0,1.0,100.0,6.0,1.0,0.0,1.0,1.0,100.0,6.0,1.0,0.0,52.0,159.0,12.0,71.2,32.0,62.0,9.0,74.4,14.0,11.0,7.0,70.0,11.0,8.0,72.73,33.0,2.0,14.7,6.0,4.0,66.67,19.0,2.0,16.7,8.3
DeAndre Hopkins,20.0,WR5,19.8,119.0,ARI,WR,29.0,10.0,10.0,0.0,0.0,0.0,0.0,0.0,0.0,0.0,0.0,0.0,64.0,42.0,572.0,13.62,8.0,0.0,0.0,8.0,0.0,0.0,105.0,147.2,150.2,126.2,0.0,39.0,0.0,0.0,0.0,0.0,0.0,0.0,0.0,0.0,0.0,0.0,0.0,0.0,0.0,0.0,0.0,0.0,0.0,0.0,0.0,0.0,0.0,0.0,0.0,0.0,0.0,14.0,7.0,50.0,69.0,7.0,17.5,8.0,4.0,50.0,24.0,4.0,20.5,-99.2
Calvin Ridley,21.0,WR6,19.8,265.0,ATL,WR,27.0,5.0,5.0,0.0,0.0,0.0,0.0,0.0,0.0,0.0,0.0,0.0,52.0,31.0,281.0,9.06,2.0,0.0,0.0,2.0,0.0,0.0,40.0,71.1,74.1,55.6,0.0,107.0,0.0,0.0,0.0,0.0,0.0,0.0,0.0,0.0,0.0,0.0,0.0,0.0,0.0,0.0,0.0,0.0,0.0,0.0,0.0,0.0,0.0,0.0,0.0,0.0,0.0,10.0,7.0,70.0,28.0,2.0,12.8,5.0,4.0,80.0,12.0,2.0,14.3,-245.2
Clyde Edwards-Helaire,22.0,RB14,21.8,128.0,KAN,RB,22.0,10.0,10.0,0.0,0.0,0.0,0.0,0.0,119.0,517.0,4.34,4.0,23.0,19.0,129.0,6.79,2.0,2.0,2.0,6.0,1.0,0.0,99.0,117.6,125.6,108.1,0.0,38.0,0.0,0.0,0.0,0.0,0.0,0.0,0.0,0.0,0.0,0.0,0.0,0.0,0.0,13.0,64.0,4.0,14.0,8.0,30.0,4.0,15.4,2.0,2.0,2.0,9.1,4.0,2.0,50.0,11.0,2.0,3.4,3.0,2.0,66.67,11.0,2.0,5.0,-106.2
A.J. Brown,23.0,WR7,25.8,104.0,TEN,WR,24.0,13.0,13.0,0.0,2.0,0.0,0.0,0.0,2.0,10.0,5.0,0.0,105.0,63.0,869.0,13.79,5.0,0.0,0.0,5.0,0.0,0.0,118.0,180.9,183.9,149.4,0.0,32.0,0.0,0.0,0.0,0.0,0.0,0.0,0.0,0.0,0.0,0.0,0.0,0.0,0.0,1.0,7.0,0.0,1.2,0.0,0.0,0.0,0.0,0.0,0.0,0.0,0.0,12.0,6.0,50.0,66.0,3.0,15.0,4.0,1.0,25.0,6.0,0.0,11.4,-78.2
Darren Waller,24.0,TE2,26.0,170.0,LVR,TE,29.0,11.0,11.0,0.0,0.0,0.0,0.0,0.0,0.0,0.0,0.0,0.0,93.0,55.0,665.0,12.09,2.0,0.0,0.0,2.0,0.0,0.0,79.0,133.5,136.5,106.0,0.0,18.0,0.0,0.0,0.0,0.0,0.0,0.0,0.0,0.0,0.0,0.0,0.0,0.0,0.0,0.0,0.0,0.0,0.0,0.0,0.0,0.0,0.0,0.0,0.0,0.0,0.0,16.0,7.0,43.75,34.0,2.0,18.2,7.0,3.0,42.86,11.0,2.0,17.5,-144.0
Justin Jefferson,25.0,WR8,26.5,10.0,MIN,WR,22.0,17.0,17.0,2.0,4.0,35.0,0.0,0.0,6.0,14.0,2.33,0.0,167.0,108.0,1616.0,14.96,10.0,1.0,1.0,10.0,0.0,0.0,222.0,330.4,334.4,276.4,95.0,4.0,10.0,0.0,0.0,0.0,0.0,0.0,0.0,0.0,0.0,0.0,0.0,0.0,0.0,1.0,4.0,0.0,1.2,0.0,0.0,0.0,0.0,0.0,0.0,0.0,0.0,20.0,11.0,55.0,101.0,7.0,28.6,9.0,3.0,33.33,15.0,3.0,28.1,16.5
Josh Allen,26.0,QB2,26.8,4.0,BUF,QB,25.0,17.0,17.0,409.0,646.0,4407.0,36.0,15.0,122.0,763.0,6.25,6.0,0.0,0.0,0.0,0.0,0.0,8.0,3.0,6.0,2.0,1.0,403.0,402.6,426.6,417.6,126.0,1.0,4.0,72.0,130.0,55.38,489.0,34.0,2.0,31.0,59.0,52.54,133.0,20.0,1.0,32.0,140.0,6.0,27.8,18.0,53.0,5.0,28.6,8.0,11.0,3.0,30.8,0.0,0.0,0.0,0.0,0.0,0.0,0.0,0.0,0.0,0.0,0.0,0.0,22.8
David Montgomery,27.0,RB15,27.8,69.0,CHI,RB,24.0,13.0,13.0,0.0,1.0,0.0,0.0,1.0,225.0,849.0,3.77,7.0,51.0,42.0,301.0,7.17,0.0,1.0,1.0,7.0,0.0,0.0,153.0,195.0,203.0,175.0,7.0,20.0,69.0,0.0,1.0,0.0,0.0,0.0,1.0,0.0,1.0,0.0,0.0,0.0,1.0,43.0,76.0,7.0,51.8,24.0,33.0,7.0,51.1,12.0,18.0,6.0,57.1,7.0,6.0,85.71,38.0,0.0,12.3,2.0,2.0,100.0,11.0,0.0,7.7,-41.2
Josh Jacobs,28.0,RB16,27.8,47.0,LVR,RB,23.0,15.0,14.0,0.0,0.0,0.0,0.0,0.0,217.0,872.0,4.02,9.0,64.0,54.0,348.0,6.44,0.0,2.0,2.0,9.0,0.0,0.0,172.0,226.0,234.0,199.0,24.0,16.0,47.0,0.0,0.0,0.0,0.0,0.0,0.0,0.0,0.0,0.0,0.0,0.0,0.0,38.0,120.0,9.0,50.7,21.0,41.0,8.0,56.8,12.0,9.0,7.0,60.0,6.0,3.0,50.0,6.0,0.0,6.8,3.0,2.0,66.67,1.0,0.0,7.5,-19.2
George Kittle,30.0,TE3,28.3,37.0,SFO,TE,28.0,14.0,14.0,0.0,0.0,0.0,0.0,0.0,3.0,20.0,6.67,0.0,94.0,71.0,910.0,12.82,6.0,2.0,1.0,6.0,0.0,0.0,127.0,198.0,202.0,162.5,33.0,4.0,37.0,0.0,0.0,0.0,0.0,0.0,0.0,0.0,0.0,0.0,0.0,0.0,0.0,0.0,0.0,0.0,0.0,0.0,0.0,0.0,0.0,0.0,0.0,0.0,0.0,11.0,9.0,81.82,70.0,5.0,18.3,5.0,4.0,80.0,16.0,3.0,16.7,-8.7
Keenan Allen,31.0,WR9,28.8,43.0,LAC,WR,29.0,16.0,16.0,0.0,1.0,0.0,0.0,0.0,0.0,0.0,0.0,0.0,157.0,106.0,1138.0,10.74,6.0,1.0,0.0,6.0,0.0,1.0,152.0,257.8,260.8,204.8,28.0,15.0,43.0,0.0,0.0,0.0,0.0,0.0,0.0,0.0,0.0,0.0,0.0,0.0,0.0,0.0,0.0,0.0,0.0,0.0,0.0,0.0,0.0,0.0,0.0,0.0,0.0,23.0,15.0,65.22,92.0,6.0,23.5,12.0,8.0,66.67,44.0,6.0,24.5,-14.2
James Robinson,32.0,RB18,32.8,97.0,JAX,RB,23.0,14.0,13.0,0.0,0.0,0.0,0.0,0.0,164.0,767.0,4.68,8.0,46.0,31.0,222.0,7.16,0.0,4.0,2.0,8.0,0.0,0.0,143.0,173.9,181.9,158.4,0.0,25.0,0.0,0.0,0.0,0.0,0.0,0.0,0.0,0.0,0.0,0.0,0.0,0.0,0.0,24.0,50.0,8.0,42.1,17.0,34.0,8.0,51.5,10.0,16.0,7.0,55.6,2.0,2.0,100.0,5.0,0.0,3.8,1.0,1.0,100.0,-2.0,0.0,3.4,-64.2
Terry McLaurin,33.0,WR10,33.5,63.0,WAS,WR,26.0,17.0,17.0,0.0,0.0,0.0,0.0,0.0,1.0,12.0,12.0,0.0,130.0,77.0,1053.0,13.68,5.0,0.0,0.0,5.0,0.0,0.0,137.0,213.5,216.5,175.0,14.0,24.0,63.0,0.0,0.0,0.0,0.0,0.0,0.0,0.0,0.0,0.0,0.0,0.0,0.0,0.0,0.0,0.0,0.0,0.0,0.0,0.0,0.0,0.0,0.0,0.0,0.0,9.0,6.0,66.67,53.0,3.0,17.3,4.0,1.0,25.0,1.0,0.0,17.4,-29.5
Mike Evans,34.0,WR11,33.8,17.0,TAM,WR,28.0,16.0,16.0,0.0,0.0,0.0,0.0,0.0,1.0,10.0,10.0,0.0,114.0,74.0,1035.0,13.99,14.0,0.0,0.0,14.0,0.0,0.0,189.0,262.5,265.5,225.5,63.0,6.0,17.0,0.0,0.0,0.0,0.0,0.0,0.0,0.0,0.0,0.0,0.0,0.0,0.0,0.0,0.0,0.0,0.0,0.0,0.0,0.0,0.0,0.0,0.0,0.0,0.0,23.0,14.0,60.87,89.0,9.0,17.7,13.0,9.0,69.23,35.0,8.0,21.0,16.799999999999997
Miles Sanders,35.0,RB19,35.5,141.0,PHI,RB,24.0,12.0,12.0,0.0,0.0,0.0,0.0,0.0,137.0,754.0,5.5,0.0,34.0,26.0,158.0,6.08,0.0,1.0,1.0,0.0,1.0,0.0,91.0,117.2,124.2,104.2,0.0,43.0,0.0,0.0,0.0,0.0,0.0,0.0,0.0,0.0,0.0,0.0,0.0,0.0,0.0,20.0,27.0,0.0,19.2,10.0,4.0,0.0,14.3,5.0,-5.0,0.0,13.9,3.0,3.0,100.0,9.0,0.0,5.0,0.0,0.0,0.0,0.0,0.0,0.0,-105.5
CeeDee Lamb,36.0,WR12,36.5,39.0,DAL,WR,22.0,16.0,13.0,0.0,0.0,0.0,0.0,0.0,9.0,76.0,8.44,0.0,120.0,79.0,1102.0,13.95,6.0,0.0,0.0,6.0,0.0,0.0,154.0,232.8,235.8,193.3,30.0,14.0,39.0,0.0,0.0,0.0,0.0,0.0,0.0,0.0,0.0,0.0,0.0,0.0,0.0,2.0,1.0,0.0,2.7,1.0,-1.0,0.0,2.9,1.0,-1.0,0.0,5.0,11.0,5.0,45.45,46.0,3.0,10.9,4.0,2.0,50.0,10.0,2.0,11.1,-2.5
Kyler Murray,37.0,QB3,36.8,40.0,ARI,QB,24.0,14.0,14.0,333.0,481.0,3787.0,24.0,10.0,88.0,423.0,4.81,5.0,0.0,0.0,7.0,0.0,0.0,13.0,0.0,5.0,0.0,0.0,300.0,300.5,316.5,310.5,30.0,10.0,40.0,38.0,73.0,52.05,255.0,14.0,2.0,16.0,37.0,43.24,69.0,7.0,2.0,23.0,60.0,5.0,23.0,11.0,20.0,4.0,19.3,5.0,3.0,3.0,17.2,0.0,0.0,0.0,0.0,0.0,0.0,0.0,0.0,0.0,0.0,0.0,0.0,-3.200000000000003
Allen Robinson,38.0,WR13,38.0,233.0,CHI,WR,28.0,12.0,11.0,0.0,0.0,0.0,0.0,0.0,0.0,0.0,0.0,0.0,66.0,38.0,410.0,10.79,1.0,0.0,0.0,1.0,1.0,0.0,49.0,87.0,90.0,68.0,0.0,95.0,0.0,0.0,0.0,0.0,0.0,0.0,0.0,0.0,0.0,0.0,0.0,0.0,0.0,0.0,0.0,0.0,0.0,0.0,0.0,0.0,0.0,0.0,0.0,0.0,0.0,4.0,3.0,75.0,16.0,1.0,7.0,1.0,0.0,0.0,0.0,0.0,3.8,-195.0
D'Andre Swift,39.0,RB20,38.8,73.0,DET,RB,22.0,13.0,4.0,0.0,1.0,0.0,0.0,0.0,151.0,617.0,4.09,5.0,78.0,62.0,452.0,7.29,2.0,2.0,1.0,7.0,0.0,0.0,147.0,208.9,215.9,177.9,1.0,23.0,73.0,0.0,0.0,0.0,0.0,0.0,0.0,0.0,0.0,0.0,0.0,0.0,0.0,19.0,35.0,4.0,35.8,11.0,17.0,3.0,37.9,4.0,3.0,2.0,36.4,8.0,4.0,50.0,30.0,0.0,13.3,3.0,2.0,66.67,9.0,0.0,12.0,-34.2
Lamar Jackson,40.0,QB4,40.3,82.0,BAL,QB,24.0,12.0,12.0,246.0,382.0,2882.0,16.0,13.0,133.0,767.0,5.77,2.0,0.0,0.0,0.0,0.0,0.0,6.0,3.0,2.0,0.0,2.0,240.0,240.0,262.0,253.0,0.0,16.0,0.0,26.0,47.0,55.32,181.0,12.0,2.0,12.0,20.0,60.0,61.0,10.0,2.0,16.0,65.0,2.0,23.9,7.0,1.0,2.0,18.4,6.0,-3.0,2.0,31.6,0.0,0.0,0.0,0.0,0.0,0.0,0.0,0.0,0.0,0.0,0.0,0.0,-41.7
Chris Godwin,41.0,WR14,42.3,52.0,TAM,WR,25.0,14.0,14.0,0.0,0.0,0.0,0.0,0.0,4.0,21.0,5.25,1.0,127.0,98.0,1103.0,11.26,5.0,2.0,2.0,6.0,0.0,0.0,144.0,242.4,247.4,193.4,21.0,19.0,52.0,0.0,0.0,0.0,0.0,0.0,0.0,0.0,0.0,0.0,0.0,0.0,0.0,1.0,2.0,1.0,1.2,1.0,2.0,1.0,1.7,1.0,2.0,1.0,4.0,25.0,20.0,80.0,130.0,5.0,19.2,8.0,5.0,62.5,23.0,2.0,12.9,-9.700000000000005
Robert Woods,42.0,WR15,42.3,137.0,LAR,WR,29.0,9.0,9.0,0.0,0.0,0.0,0.0,0.0,8.0,46.0,5.75,1.0,69.0,45.0,556.0,12.36,4.0,0.0,0.0,5.0,1.0,0.0,92.0,137.2,140.2,114.7,0.0,48.0,0.0,0.0,0.0,0.0,0.0,0.0,0.0,0.0,0.0,0.0,0.0,0.0,0.0,2.0,21.0,1.0,1.9,0.0,0.0,0.0,0.0,0.0,0.0,0.0,0.0,16.0,9.0,56.25,66.0,4.0,12.3,7.0,3.0,42.86,9.0,2.0,11.3,-94.7
Julio Jones,43.0,WR16,43.8,232.0,TEN,WR,32.0,10.0,10.0,0.0,0.0,0.0,0.0,0.0,0.0,0.0,0.0,0.0,48.0,31.0,434.0,14.0,1.0,0.0,0.0,1.0,0.0,0.0,49.0,80.4,83.4,64.9,0.0,93.0,0.0,0.0,0.0,0.0,0.0,0.0,0.0,0.0,0.0,0.0,0.0,0.0,0.0,0.0,0.0,0.0,0.0,0.0,0.0,0.0,0.0,0.0,0.0,0.0,0.0,6.0,2.0,33.33,11.0,1.0,7.5,3.0,1.0,33.33,3.0,1.0,8.6,-188.2
Amari Cooper,44.0,WR17,45.3,65.0,DAL,WR,27.0,15.0,14.0,0.0,0.0,0.0,0.0,0.0,0.0,0.0,0.0,0.0,104.0,68.0,865.0,12.72,8.0,1.0,0.0,8.0,0.0,0.0,135.0,202.5,205.5,168.5,12.0,26.0,65.0,0.0,0.0,0.0,0.0,0.0,0.0,0.0,0.0,0.0,0.0,0.0,0.0,0.0,0.0,0.0,0.0,0.0,0.0,0.0,0.0,0.0,0.0,0.0,0.0,18.0,13.0,72.22,81.0,5.0,17.8,7.0,5.0,71.43,26.0,4.0,19.4,-19.700000000000003
Myles Gaskin,45.0,RB21,46.3,100.0,MIA,RB,24.0,17.0,10.0,0.0,0.0,0.0,0.0,0.0,173.0,612.0,3.54,3.0,63.0,49.0,234.0,4.78,4.0,2.0,1.0,7.0,0.0,0.0,125.0,173.6,180.6,149.1,0.0,28.0,0.0,0.0,0.0,0.0,0.0,0.0,0.0,0.0,0.0,0.0,0.0,0.0,0.0,31.0,73.0,3.0,45.6,20.0,49.0,3.0,46.5,6.0,8.0,2.0,27.3,9.0,6.0,66.67,20.0,3.0,12.2,6.0,5.0,83.33,19.0,3.0,15.8,-53.7
Aaron Rodgers,46.0,QB5,47.5,18.0,GNB,QB,38.0,16.0,16.0,366.0,531.0,4115.0,37.0,4.0,33.0,101.0,3.06,3.0,1.0,1.0,-4.0,-4.0,0.0,3.0,0.0,3.0,0.0,0.0,332.0,333.3,343.3,336.8,60.0,5.0,18.0,67.0,114.0,58.77,366.0,28.0,2.0,30.0,52.0,57.69,117.0,19.0,1.0,7.0,30.0,3.0,7.9,4.0,15.0,3.0,8.9,2.0,5.0,2.0,10.0,1.0,1.0,100.0,-4.0,0.0,0.8,0.0,0.0,0.0,0.0,0.0,0.0,29.5
Adam Thielen,47.0,WR18,47.5,67.0,MIN,WR,31.0,13.0,13.0,0.0,0.0,0.0,0.0,0.0,1.0,2.0,2.0,0.0,95.0,67.0,726.0,10.84,10.0,1.0,0.0,10.0,0.0,0.0,133.0,199.8,202.8,166.3,11.0,27.0,67.0,0.0,0.0,0.0,0.0,0.0,0.0,0.0,0.0,0.0,0.0,0.0,0.0,0.0,0.0,0.0,0.0,0.0,0.0,0.0,0.0,0.0,0.0,0.0,0.0,13.0,11.0,84.62,65.0,7.0,18.6,8.0,8.0,100.0,35.0,6.0,25.0,-19.5
Kyle Pitts,48.0,TE4,50.8,59.0,ATL,TE,21.0,17.0,15.0,0.0,0.0,0.0,0.0,0.0,0.0,0.0,0.0,0.0,110.0,68.0,1026.0,15.09,1.0,0.0,0.0,1.0,0.0,0.0,109.0,176.6,179.6,142.6,16.0,9.0,59.0,0.0,0.0,0.0,0.0,0.0,0.0,0.0,0.0,0.0,0.0,0.0,0.0,0.0,0.0,0.0,0.0,0.0,0.0,0.0,0.0,0.0,0.0,0.0,0.0,14.0,4.0,28.57,24.0,1.0,17.9,7.0,3.0,42.86,16.0,1.0,20.0,-8.200000000000003
Kareem Hunt,49.0,RB22,50.8,145.0,CLE,RB,26.0,8.0,1.0,0.0,0.0,0.0,0.0,0.0,78.0,386.0,4.95,5.0,27.0,22.0,174.0,7.91,0.0,0.0,0.0,5.0,1.0,0.0,88.0,110.0,116.0,99.0,0.0,46.0,0.0,0.0,0.0,0.0,0.0,0.0,0.0,0.0,0.0,0.0,0.0,0.0,0.0,15.0,31.0,4.0,17.0,7.0,21.0,4.0,16.3,4.0,6.0,3.0,21.1,4.0,2.0,50.0,10.0,0.0,7.1,1.0,0.0,0.0,0.0,0.0,3.6,-94.2
Russell Wilson,50.0,QB6,51.8,81.0,SEA,QB,33.0,14.0,14.0,259.0,400.0,3113.0,25.0,6.0,43.0,183.0,4.26,2.0,0.0,0.0,0.0,0.0,0.0,6.0,1.0,2.0,0.0,1.0,243.0,242.8,255.8,248.8,0.0,15.0,0.0,24.0,45.0,53.33,175.0,15.0,2.0,10.0,17.0,58.82,43.0,8.0,1.0,7.0,41.0,2.0,12.1,3.0,3.0,1.0,10.0,3.0,3.0,1.0,15.8,0.0,0.0,0.0,0.0,0.0,0.0,0.0,0.0,0.0,0.0,0.0,0.0,-29.200000000000003
Cooper Kupp,51.0,WR19,52.8,2.0,LAR,WR,28.0,17.0,17.0,0.0,1.0,0.0,0.0,0.0,4.0,18.0,4.5,0.0,191.0,145.0,1947.0,13.43,16.0,0.0,0.0,16.0,1.0,0.0,295.0,439.5,442.5,367.0,163.0,1.0,2.0,0.0,0.0,0.0,0.0,0.0,0.0,0.0,0.0,0.0,0.0,0.0,0.0,1.0,-5.0,0.0,0.9,0.0,0.0,0.0,0.0,0.0,0.0,0.0,0.0,46.0,33.0,71.74,259.0,18.0,35.4,22.0,13.0,59.09,69.0,11.0,35.5,50.8
Mike Davis,52.0,RB23,53.3,131.0,ATL,RB,28.0,17.0,8.0,0.0,0.0,0.0,0.0,0.0,138.0,503.0,3.64,3.0,58.0,44.0,259.0,5.89,1.0,4.0,3.0,4.0,0.0,0.0,94.0,138.2,147.2,116.2,0.0,39.0,0.0,0.0,0.0,0.0,0.0,0.0,0.0,0.0,0.0,0.0,0.0,0.0,0.0,20.0,76.0,3.0,29.9,10.0,28.0,2.0,31.3,3.0,4.0,2.0,27.3,5.0,2.0,40.0,5.0,1.0,6.4,4.0,1.0,25.0,7.0,1.0,11.4,-77.7
Dak Prescott,53.0,QB7,53.8,23.0,DAL,QB,28.0,16.0,16.0,410.0,596.0,4449.0,37.0,10.0,48.0,146.0,3.04,1.0,0.0,0.0,0.0,0.0,0.0,14.0,6.0,1.0,1.0,2.0,321.0,320.6,342.6,330.6,49.0,7.0,23.0,63.0,99.0,63.64,415.0,26.0,1.0,25.0,36.0,69.44,114.0,21.0,0.0,16.0,25.0,2.0,21.6,10.0,21.0,2.0,29.4,4.0,4.0,1.0,20.0,0.0,0.0,0.0,0.0,0.0,0.0,0.0,0.0,0.0,0.0,0.0,0.0,30.8
Mark Andrews,54.0,TE5,54.5,8.0,BAL,TE,26.0,17.0,9.0,0.0,0.0,0.0,0.0,0.0,1.0,0.0,0.0,0.0,153.0,107.0,1361.0,12.72,9.0,1.0,0.0,9.0,2.0,0.0,194.0,301.1,304.1,247.6,96.0,1.0,8.0,0.0,0.0,0.0,0.0,0.0,0.0,0.0,0.0,0.0,0.0,0.0,0.0,1.0,0.0,0.0,1.5,0.0,0.0,0.0,0.0,0.0,0.0,0.0,0.0,20.0,12.0,60.0,96.0,9.0,27.4,11.0,8.0,72.73,52.0,7.0,32.4,46.5
Tyler Lockett,55.0,WR20,55.0,27.0,SEA,WR,29.0,16.0,16.0,0.0,0.0,0.0,0.0,0.0,2.0,9.0,4.5,0.0,107.0,73.0,1175.0,16.1,8.0,0.0,0.0,8.0,1.0,0.0,168.0,241.4,244.4,204.9,44.0,11.0,27.0,0.0,0.0,0.0,0.0,0.0,0.0,0.0,0.0,0.0,0.0,0.0,0.0,0.0,0.0,0.0,0.0,0.0,0.0,0.0,0.0,0.0,0.0,0.0,0.0,7.0,4.0,57.14,20.0,3.0,13.5,2.0,2.0,100.0,6.0,2.0,10.5,28.0
Raheem Mostert,56.0,RB24,55.0,525.0,SFO,RB,29.0,1.0,1.0,0.0,0.0,0.0,0.0,0.0,2.0,20.0,10.0,0.0,0.0,0.0,0.0,0.0,0.0,0.0,0.0,0.0,0.0,0.0,2.0,2.0,2.0,2.0,0.0,147.0,0.0,0.0,0.0,0.0,0.0,0.0,0.0,0.0,0.0,0.0,0.0,0.0,0.0,0.0,0.0,0.0,0.0,0.0,0.0,0.0,0.0,0.0,0.0,0.0,0.0,0.0,0.0,0.0,0.0,0.0,0.0,0.0,0.0,0.0,0.0,0.0,0.0,-470.0
Darrell Henderson,58.0,RB25,57.0,98.0,LAR,RB,24.0,12.0,10.0,0.0,0.0,0.0,0.0,0.0,149.0,688.0,4.62,5.0,40.0,29.0,176.0,6.07,3.0,0.0,0.0,8.0,0.0,0.0,134.0,163.4,169.4,148.9,0.0,26.0,0.0,0.0,0.0,0.0,0.0,0.0,0.0,0.0,0.0,0.0,0.0,0.0,0.0,25.0,73.0,5.0,23.4,13.0,25.0,5.0,24.1,7.0,2.0,4.0,33.3,10.0,3.0,30.0,26.0,2.0,7.7,5.0,2.0,40.0,9.0,2.0,8.1,-41.0
Justin Herbert,59.0,QB8,57.5,6.0,LAC,QB,23.0,17.0,17.0,443.0,672.0,5014.0,38.0,15.0,63.0,302.0,4.79,3.0,0.0,0.0,0.0,0.0,0.0,1.0,1.0,3.0,1.0,5.0,381.0,380.8,402.8,395.8,106.0,2.0,6.0,58.0,104.0,55.77,381.0,28.0,1.0,25.0,53.0,47.17,111.0,18.0,1.0,22.0,35.0,3.0,22.0,12.0,16.0,3.0,23.1,5.0,1.0,1.0,21.7,0.0,0.0,0.0,0.0,0.0,0.0,0.0,0.0,0.0,0.0,0.0,0.0,51.5
Diontae Johnson,60.0,WR22,59.3,30.0,PIT,WR,25.0,16.0,14.0,0.0,0.0,0.0,0.0,0.0,5.0,53.0,10.6,0.0,169.0,107.0,1161.0,10.85,8.0,2.0,2.0,8.0,1.0,0.0,167.0,274.4,279.4,220.9,43.0,12.0,30.0,0.0,0.0,0.0,0.0,0.0,0.0,0.0,0.0,0.0,0.0,0.0,0.0,0.0,0.0,0.0,0.0,0.0,0.0,0.0,0.0,0.0,0.0,0.0,0.0,22.0,13.0,59.09,90.0,6.0,22.4,10.0,6.0,60.0,31.0,4.0,22.7,29.3
Javonte Williams,61.0,RB26,61.3,60.0,DEN,RB,21.0,17.0,1.0,0.0,0.0,0.0,0.0,0.0,203.0,903.0,4.45,4.0,53.0,43.0,316.0,7.35,3.0,2.0,1.0,7.0,0.0,0.0,162.0,204.9,211.9,183.4,15.0,18.0,60.0,0.0,0.0,0.0,0.0,0.0,0.0,0.0,0.0,0.0,0.0,0.0,0.0,29.0,45.0,4.0,35.8,21.0,21.0,4.0,44.7,9.0,2.0,2.0,45.0,7.0,6.0,85.71,58.0,3.0,12.1,3.0,2.0,66.67,20.0,2.0,9.4,1.2999999999999972
Chase Edmonds,62.0,RB27,62.0,127.0,ARI,RB,25.0,12.0,11.0,0.0,0.0,0.0,0.0,0.0,116.0,592.0,5.1,2.0,53.0,43.0,311.0,7.23,0.0,1.0,1.0,2.0,0.0,0.0,100.0,143.3,150.3,121.8,0.0,37.0,0.0,0.0,0.0,0.0,0.0,0.0,0.0,0.0,0.0,0.0,0.0,0.0,0.0,20.0,57.0,2.0,20.0,12.0,13.0,1.0,21.1,5.0,4.0,1.0,17.2,6.0,6.0,100.0,17.0,0.0,7.5,1.0,1.0,100.0,5.0,0.0,2.6,-65.0
Damien Harris,63.0,RB28,62.5,28.0,NWE,RB,24.0,15.0,15.0,0.0,0.0,0.0,0.0,0.0,202.0,929.0,4.6,15.0,21.0,18.0,132.0,7.33,0.0,2.0,2.0,15.0,0.0,0.0,192.0,210.1,218.1,201.1,43.0,8.0,28.0,0.0,0.0,0.0,0.0,0.0,0.0,0.0,0.0,0.0,0.0,0.0,0.0,45.0,149.0,13.0,47.4,31.0,78.0,11.0,59.6,15.0,19.0,9.0,60.0,2.0,1.0,50.0,3.0,0.0,2.6,0.0,0.0,0.0,0.0,0.0,0.0,34.5
T.J. Hockenson,65.0,TE6,64.5,157.0,DET,TE,24.0,12.0,12.0,0.0,0.0,0.0,0.0,0.0,0.0,0.0,0.0,0.0,84.0,61.0,583.0,9.56,4.0,0.0,0.0,4.0,1.0,0.0,84.0,145.3,148.3,114.8,0.0,16.0,0.0,0.0,0.0,0.0,0.0,0.0,0.0,0.0,0.0,0.0,0.0,0.0,0.0,0.0,0.0,0.0,0.0,0.0,0.0,0.0,0.0,0.0,0.0,0.0,0.0,9.0,6.0,66.67,51.0,4.0,15.0,4.0,3.0,75.0,23.0,3.0,16.0,-92.5
Brandon Aiyuk,66.0,WR23,64.8,111.0,SFO,WR,23.0,17.0,16.0,0.0,0.0,0.0,0.0,0.0,5.0,17.0,3.4,0.0,84.0,56.0,826.0,14.75,5.0,2.0,1.0,5.0,1.0,0.0,114.0,170.3,174.3,142.3,0.0,34.0,0.0,0.0,0.0,0.0,0.0,0.0,0.0,0.0,0.0,0.0,0.0,0.0,0.0,0.0,0.0,0.0,0.0,0.0,0.0,0.0,0.0,0.0,0.0,0.0,0.0,10.0,5.0,50.0,39.0,5.0,16.7,7.0,3.0,42.86,16.0,3.0,23.3,-46.2
Chase Claypool,67.0,WR24,68.0,116.0,PIT,WR,23.0,15.0,13.0,0.0,0.0,0.0,0.0,0.0,14.0,96.0,6.86,0.0,105.0,59.0,860.0,14.58,2.0,0.0,0.0,2.0,0.0,0.0,108.0,166.6,169.6,137.1,0.0,36.0,0.0,0.0,0.0,0.0,0.0,0.0,0.0,0.0,0.0,0.0,0.0,0.0,0.0,2.0,1.0,0.0,4.9,2.0,1.0,0.0,8.7,1.0,-2.0,0.0,6.7,13.0,6.0,46.15,50.0,2.0,13.3,7.0,2.0,28.57,10.0,1.0,15.9,-48.0
Tom Brady,68.0,QB9,68.8,7.0,TAM,QB,44.0,17.0,17.0,485.0,719.0,5316.0,43.0,12.0,28.0,81.0,2.89,2.0,0.0,0.0,0.0,0.0,0.0,4.0,3.0,2.0,0.0,0.0,375.0,374.7,392.7,386.7,100.0,3.0,7.0,83.0,135.0,61.48,501.0,31.0,0.0,35.0,64.0,54.69,143.0,25.0,0.0,8.0,12.0,2.0,9.8,8.0,12.0,2.0,13.8,2.0,2.0,2.0,8.0,0.0,0.0,0.0,0.0,0.0,0.0,0.0,0.0,0.0,0.0,0.0,0.0,61.8
Odell Beckham Jr.,69.0,WR25,68.8,150.0,2TM,WR,29.0,14.0,13.0,0.0,0.0,0.0,0.0,0.0,2.0,14.0,7.0,0.0,82.0,44.0,537.0,12.2,5.0,0.0,0.0,5.0,0.0,0.0,85.0,129.1,132.1,107.1,0.0,52.0,0.0,0.0,0.0,0.0,0.0,0.0,0.0,0.0,0.0,0.0,0.0,0.0,0.0,0.0,0.0,0.0,0.0,0.0,0.0,0.0,0.0,0.0,0.0,0.0,0.0,0.0,0.0,0.0,0.0,0.0,0.0,0.0,0.0,0.0,0.0,0.0,0.0,-81.2
Melvin Gordon,70.0,RB30,70.5,54.0,DEN,RB,28.0,16.0,16.0,0.0,0.0,0.0,0.0,0.0,203.0,918.0,4.52,8.0,38.0,28.0,213.0,7.61,2.0,3.0,3.0,10.0,0.0,0.0,167.0,195.1,204.1,181.1,20.0,17.0,54.0,0.0,0.0,0.0,0.0,0.0,0.0,0.0,0.0,0.0,0.0,0.0,0.0,37.0,91.0,6.0,45.7,21.0,34.0,5.0,44.7,9.0,9.0,4.0,45.0,5.0,5.0,100.0,42.0,2.0,8.6,3.0,3.0,100.0,19.0,1.0,9.4,16.5
Ja'Marr Chase,71.0,WR26,71.0,9.0,CIN,WR,21.0,17.0,17.0,0.0,0.0,0.0,0.0,0.0,7.0,21.0,3.0,0.0,128.0,81.0,1455.0,17.96,13.0,2.0,1.0,13.0,0.0,0.0,224.0,304.6,308.6,264.1,96.0,3.0,9.0,0.0,0.0,0.0,0.0,0.0,0.0,0.0,0.0,0.0,0.0,0.0,0.0,2.0,4.0,0.0,2.7,1.0,0.0,0.0,2.3,0.0,0.0,0.0,0.0,15.0,8.0,53.33,66.0,6.0,20.0,9.0,4.0,44.44,19.0,4.0,25.0,62.0
Tee Higgins,72.0,WR27,71.0,49.0,CIN,WR,22.0,14.0,14.0,0.0,0.0,0.0,0.0,0.0,0.0,0.0,0.0,0.0,110.0,74.0,1091.0,14.74,6.0,1.0,1.0,6.0,1.0,0.0,145.0,219.1,223.1,182.1,22.0,17.0,49.0,0.0,0.0,0.0,0.0,0.0,0.0,0.0,0.0,0.0,0.0,0.0,0.0,0.0,0.0,0.0,0.0,0.0,0.0,0.0,0.0,0.0,0.0,0.0,0.0,16.0,6.0,37.5,40.0,5.0,21.3,9.0,5.0,55.56,26.0,5.0,25.0,22.0
Kenny Golladay,74.0,WR29,76.0,222.0,NYG,WR,28.0,14.0,14.0,0.0,0.0,0.0,0.0,0.0,0.0,0.0,0.0,0.0,76.0,37.0,521.0,14.08,0.0,0.0,0.0,0.0,0.0,0.0,52.0,89.1,92.1,70.6,0.0,86.0,0.0,0.0,0.0,0.0,0.0,0.0,0.0,0.0,0.0,0.0,0.0,0.0,0.0,0.0,0.0,0.0,0.0,0.0,0.0,0.0,0.0,0.0,0.0,0.0,0.0,10.0,1.0,10.0,5.0,0.0,17.9,2.0,0.0,0.0,0.0,0.0,7.1,-146.0
Jerry Jeudy,75.0,WR30,76.5,236.0,DEN,WR,22.0,10.0,5.0,0.0,0.0,0.0,0.0,0.0,2.0,3.0,1.5,0.0,56.0,38.0,467.0,12.29,0.0,1.0,0.0,0.0,0.0,0.0,47.0,85.0,88.0,66.0,0.0,96.0,0.0,0.0,0.0,0.0,0.0,0.0,0.0,0.0,0.0,0.0,0.0,0.0,0.0,0.0,0.0,0.0,0.0,0.0,0.0,0.0,0.0,0.0,0.0,0.0,0.0,3.0,2.0,66.67,12.0,0.0,5.2,1.0,0.0,0.0,0.0,0.0,3.1,-159.5
JuJu Smith-Schuster,77.0,WR31,77.8,354.0,PIT,WR,25.0,5.0,5.0,0.0,0.0,0.0,0.0,0.0,3.0,9.0,3.0,1.0,28.0,15.0,129.0,8.6,0.0,0.0,0.0,1.0,0.0,0.0,20.0,34.8,37.8,27.3,0.0,139.0,0.0,0.0,0.0,0.0,0.0,0.0,0.0,0.0,0.0,0.0,0.0,0.0,0.0,1.0,3.0,1.0,2.4,1.0,3.0,1.0,4.3,1.0,3.0,1.0,6.7,0.0,0.0,0.0,0.0,0.0,0.0,0.0,0.0,0.0,0.0,0.0,0.0,-276.2
Trey Sermon,78.0,RB32,78.8,326.0,SFO,RB,22.0,9.0,2.0,0.0,0.0,0.0,0.0,0.0,41.0,167.0,4.07,1.0,4.0,3.0,26.0,8.67,0.0,0.0,0.0,1.0,0.0,0.0,25.0,28.3,31.3,26.8,0.0,93.0,0.0,0.0,0.0,0.0,0.0,0.0,0.0,0.0,0.0,0.0,0.0,0.0,0.0,1.0,1.0,1.0,1.6,1.0,1.0,1.0,2.6,1.0,1.0,1.0,6.7,0.0,0.0,0.0,0.0,0.0,0.0,0.0,0.0,0.0,0.0,0.0,0.0,-247.2
Leonard Fournette,79.0,RB33,79.8,34.0,TAM,RB,26.0,14.0,13.0,0.0,1.0,0.0,0.0,0.0,180.0,812.0,4.51,8.0,84.0,69.0,454.0,6.58,2.0,1.0,0.0,10.0,0.0,0.0,187.0,255.6,261.6,221.1,38.0,11.0,34.0,0.0,0.0,0.0,0.0,0.0,0.0,0.0,0.0,0.0,0.0,0.0,0.0,43.0,112.0,8.0,52.4,27.0,61.0,8.0,46.6,12.0,12.0,6.0,48.0,15.0,10.0,66.67,39.0,2.0,11.5,5.0,3.0,60.0,12.0,2.0,8.1,45.8
Courtland Sutton,80.0,WR32,81.3,136.0,DEN,WR,26.0,17.0,16.0,1.0,1.0,16.0,0.0,0.0,0.0,0.0,0.0,0.0,98.0,58.0,776.0,13.38,2.0,0.0,0.0,2.0,1.0,0.0,92.0,150.2,153.2,121.2,0.0,47.0,0.0,0.0,0.0,0.0,0.0,0.0,0.0,0.0,0.0,0.0,0.0,0.0,0.0,0.0,0.0,0.0,0.0,0.0,0.0,0.0,0.0,0.0,0.0,0.0,0.0,10.0,6.0,60.0,34.0,1.0,17.2,5.0,2.0,40.0,8.0,0.0,15.6,-54.7
Matthew Stafford,81.0,QB10,82.0,20.0,LAR,QB,33.0,17.0,17.0,404.0,601.0,4886.0,41.0,17.0,32.0,43.0,1.34,0.0,0.0,0.0,0.0,0.0,0.0,5.0,2.0,0.0,0.0,2.0,330.0,329.7,351.7,346.7,58.0,6.0,20.0,75.0,132.0,56.82,570.0,40.0,2.0,32.0,64.0,50.0,151.0,26.0,2.0,15.0,7.0,2.0,14.0,8.0,12.0,2.0,14.8,5.0,2.0,2.0,23.8,0.0,0.0,0.0,0.0,0.0,0.0,0.0,0.0,0.0,0.0,0.0,0.0,62.0
Logan Thomas,82.0,TE7,84.0,287.0,WAS,TE,30.0,6.0,6.0,0.0,0.0,0.0,0.0,0.0,0.0,0.0,0.0,0.0,25.0,18.0,196.0,10.89,3.0,1.0,1.0,3.0,0.0,0.0,36.0,53.6,57.6,44.6,0.0,45.0,0.0,0.0,0.0,0.0,0.0,0.0,0.0,0.0,0.0,0.0,0.0,0.0,0.0,0.0,0.0,0.0,0.0,0.0,0.0,0.0,0.0,0.0,0.0,0.0,0.0,5.0,4.0,80.0,34.0,3.0,9.6,3.0,2.0,66.67,9.0,2.0,13.0,-203.0
DeVonta Smith,83.0,WR33,84.0,103.0,PHI,WR,23.0,17.0,16.0,0.0,0.0,0.0,0.0,0.0,0.0,0.0,0.0,0.0,104.0,64.0,916.0,14.31,5.0,1.0,1.0,5.0,1.0,0.0,122.0,185.6,189.6,153.6,0.0,30.0,0.0,0.0,0.0,0.0,0.0,0.0,0.0,0.0,0.0,0.0,0.0,0.0,0.0,0.0,0.0,0.0,0.0,0.0,0.0,0.0,0.0,0.0,0.0,0.0,0.0,9.0,4.0,44.44,37.0,3.0,15.0,5.0,2.0,40.0,9.0,2.0,18.5,-19.0
Robbie Anderson,84.0,WR34,85.0,146.0,CAR,WR,28.0,17.0,16.0,0.0,0.0,0.0,0.0,0.0,3.0,36.0,12.0,0.0,110.0,53.0,519.0,9.79,5.0,0.0,0.0,5.0,0.0,0.0,86.0,138.5,141.5,112.0,0.0,51.0,0.0,0.0,0.0,0.0,0.0,0.0,0.0,0.0,0.0,0.0,0.0,0.0,0.0,1.0,3.0,0.0,1.4,1.0,3.0,0.0,2.7,0.0,0.0,0.0,0.0,8.0,4.0,50.0,33.0,4.0,16.0,5.0,3.0,60.0,14.0,3.0,19.2,-61.0
Ryan Tannehill,85.0,QB11,86.5,78.0,TEN,QB,33.0,17.0,17.0,357.0,531.0,3734.0,21.0,14.0,55.0,270.0,4.91,7.0,0.0,0.0,0.0,0.0,0.0,10.0,4.0,7.0,0.0,1.0,268.0,268.4,292.4,282.4,0.0,12.0,78.0,50.0,81.0,61.73,346.0,19.0,4.0,22.0,35.0,62.86,75.0,12.0,2.0,14.0,32.0,7.0,16.9,9.0,19.0,7.0,20.0,6.0,10.0,6.0,26.1,0.0,0.0,0.0,0.0,0.0,0.0,0.0,0.0,0.0,0.0,0.0,0.0,8.5
Robert Tonyan,86.0,TE8,88.0,307.0,GNB,TE,27.0,8.0,5.0,0.0,0.0,0.0,0.0,0.0,0.0,0.0,0.0,0.0,29.0,18.0,204.0,11.33,2.0,0.0,0.0,2.0,0.0,0.0,32.0,50.4,53.4,41.4,0.0,49.0,0.0,0.0,0.0,0.0,0.0,0.0,0.0,0.0,0.0,0.0,0.0,0.0,0.0,0.0,0.0,0.0,0.0,0.0,0.0,0.0,0.0,0.0,0.0,0.0,0.0,4.0,3.0,75.0,12.0,0.0,3.4,2.0,2.0,100.0,7.0,0.0,3.9,-219.0
Deebo Samuel,87.0,WR35,88.5,3.0,SFO,WR,25.0,16.0,15.0,1.0,2.0,24.0,1.0,0.0,59.0,365.0,6.19,8.0,121.0,77.0,1405.0,18.25,6.0,4.0,2.0,14.0,0.0,0.0,262.0,339.0,347.0,300.5,132.0,2.0,3.0,0.0,1.0,0.0,0.0,0.0,0.0,0.0,0.0,0.0,0.0,0.0,0.0,15.0,70.0,5.0,23.4,9.0,21.0,3.0,23.1,1.0,3.0,1.0,6.7,10.0,5.0,50.0,44.0,2.0,16.7,5.0,2.0,40.0,15.0,1.0,16.7,85.5
AJ Dillon,89.0,RB34,91.3,70.0,GNB,RB,23.0,17.0,2.0,0.0,0.0,0.0,0.0,0.0,187.0,803.0,4.29,5.0,37.0,34.0,313.0,9.21,2.0,2.0,1.0,7.0,0.0,0.0,152.0,185.6,192.6,168.6,5.0,21.0,70.0,0.0,0.0,0.0,0.0,0.0,0.0,0.0,0.0,0.0,0.0,0.0,0.0,41.0,114.0,6.0,46.1,22.0,39.0,6.0,48.9,10.0,13.0,4.0,50.0,5.0,5.0,100.0,36.0,2.0,4.2,1.0,1.0,100.0,5.0,1.0,2.0,21.3
Zack Moss,90.0,RB35,91.3,164.0,BUF,RB,24.0,13.0,0.0,0.0,0.0,0.0,0.0,0.0,96.0,345.0,3.59,4.0,32.0,23.0,197.0,8.57,1.0,2.0,1.0,5.0,0.0,0.0,82.0,105.2,112.2,93.7,0.0,53.0,0.0,0.0,0.0,0.0,0.0,0.0,0.0,0.0,0.0,0.0,0.0,0.0,0.0,26.0,57.0,4.0,22.6,17.0,22.0,4.0,27.0,6.0,-2.0,3.0,23.1,4.0,2.0,50.0,9.0,1.0,3.3,3.0,1.0,33.33,7.0,1.0,5.7,-72.7
Tyler Boyd,91.0,WR37,91.8,108.0,CIN,WR,27.0,16.0,10.0,1.0,1.0,46.0,0.0,0.0,2.0,22.0,11.0,0.0,94.0,67.0,828.0,12.36,5.0,1.0,0.0,5.0,0.0,0.0,117.0,183.8,186.8,150.3,0.0,33.0,0.0,0.0,0.0,0.0,0.0,0.0,0.0,0.0,0.0,0.0,0.0,0.0,0.0,0.0,0.0,0.0,0.0,0.0,0.0,0.0,0.0,0.0,0.0,0.0,0.0,11.0,7.0,63.64,66.0,4.0,14.7,5.0,3.0,60.0,25.0,3.0,13.9,-16.200000000000003
James Conner,92.0,RB36,92.5,16.0,ARI,RB,26.0,15.0,6.0,0.0,0.0,0.0,0.0,0.0,202.0,752.0,3.72,15.0,39.0,37.0,375.0,10.14,3.0,2.0,0.0,18.0,0.0,0.0,221.0,257.7,263.7,239.2,70.0,5.0,16.0,0.0,0.0,0.0,0.0,0.0,0.0,0.0,0.0,0.0,0.0,0.0,0.0,42.0,124.0,16.0,42.0,29.0,60.0,13.0,50.9,17.0,12.0,11.0,58.6,2.0,2.0,100.0,18.0,0.0,2.5,1.0,1.0,100.0,5.0,0.0,2.6,76.5
Noah Fant,93.0,TE9,94.8,139.0,DEN,TE,24.0,16.0,16.0,0.0,0.0,0.0,0.0,0.0,0.0,0.0,0.0,0.0,90.0,68.0,670.0,9.85,4.0,0.0,0.0,4.0,0.0,0.0,91.0,159.0,162.0,125.0,0.0,13.0,0.0,0.0,0.0,0.0,0.0,0.0,0.0,0.0,0.0,0.0,0.0,0.0,0.0,0.0,0.0,0.0,0.0,0.0,0.0,0.0,0.0,0.0,0.0,0.0,0.0,12.0,7.0,58.33,48.0,4.0,20.7,4.0,3.0,75.0,12.0,3.0,12.5,-44.2
DJ Chark,94.0,WR38,96.3,320.0,JAX,WR,25.0,4.0,4.0,0.0,0.0,0.0,0.0,0.0,0.0,0.0,0.0,0.0,22.0,7.0,154.0,22.0,2.0,0.0,0.0,2.0,0.0,0.0,27.0,34.4,37.4,30.9,0.0,129.0,0.0,0.0,0.0,0.0,0.0,0.0,0.0,0.0,0.0,0.0,0.0,0.0,0.0,0.0,0.0,0.0,0.0,0.0,0.0,0.0,0.0,0.0,0.0,0.0,0.0,1.0,1.0,100.0,12.0,1.0,1.9,0.0,0.0,0.0,0.0,0.0,0.0,-223.7
Michael Carter,95.0,RB37,96.5,105.0,NYJ,RB,22.0,14.0,11.0,0.0,0.0,0.0,0.0,0.0,147.0,639.0,4.35,4.0,55.0,36.0,325.0,9.03,0.0,1.0,1.0,4.0,0.0,0.0,118.0,154.4,161.4,136.4,0.0,30.0,0.0,0.0,0.0,0.0,0.0,0.0,0.0,0.0,0.0,0.0,0.0,0.0,0.0,25.0,57.0,4.0,35.2,16.0,40.0,4.0,34.8,8.0,8.0,3.0,29.6,2.0,2.0,100.0,6.0,0.0,3.3,1.0,1.0,100.0,2.0,0.0,4.3,-8.5
Jalen Hurts,96.0,QB12,97.0,31.0,PHI,QB,23.0,15.0,15.0,265.0,432.0,3144.0,16.0,9.0,139.0,784.0,5.64,10.0,1.0,0.0,0.0,0.0,0.0,9.0,2.0,10.0,0.0,3.0,312.0,312.2,329.2,321.2,41.0,9.0,31.0,33.0,56.0,58.93,267.0,14.0,1.0,12.0,24.0,50.0,40.0,7.0,1.0,31.0,101.0,9.0,29.8,22.0,36.0,9.0,31.4,13.0,16.0,7.0,36.1,1.0,0.0,0.0,0.0,0.0,1.7,1.0,0.0,0.0,0.0,0.0,3.7,66.0
Brandin Cooks,97.0,WR39,98.8,56.0,HOU,WR,28.0,16.0,16.0,0.0,0.0,0.0,0.0,0.0,2.0,21.0,10.5,0.0,134.0,90.0,1037.0,11.52,6.0,0.0,0.0,6.0,0.0,0.0,142.0,231.8,234.8,186.8,19.0,20.0,56.0,0.0,0.0,0.0,0.0,0.0,0.0,0.0,0.0,0.0,0.0,0.0,0.0,0.0,0.0,0.0,0.0,0.0,0.0,0.0,0.0,0.0,0.0,0.0,0.0,10.0,7.0,70.0,55.0,2.0,21.3,3.0,3.0,100.0,19.0,2.0,12.5,42.8
Jarvis Landry,98.0,WR40,98.8,166.0,CLE,WR,29.0,12.0,12.0,0.0,0.0,0.0,0.0,0.0,6.0,40.0,6.67,2.0,87.0,52.0,570.0,10.96,2.0,3.0,2.0,4.0,0.0,0.0,81.0,133.0,138.0,107.0,0.0,56.0,0.0,0.0,0.0,0.0,0.0,0.0,0.0,0.0,0.0,0.0,0.0,0.0,0.0,4.0,26.0,2.0,4.5,2.0,5.0,1.0,4.7,1.0,0.0,0.0,5.3,10.0,6.0,60.0,42.0,1.0,17.9,4.0,2.0,50.0,14.0,1.0,14.3,-67.2
Devin Singletary,99.0,RB38,98.8,66.0,BUF,RB,24.0,17.0,16.0,0.0,0.0,0.0,0.0,0.0,188.0,870.0,4.63,7.0,50.0,40.0,228.0,5.7,1.0,5.0,0.0,8.0,0.0,0.0,158.0,197.8,203.8,177.8,11.0,19.0,66.0,0.0,0.0,0.0,0.0,0.0,0.0,0.0,0.0,0.0,0.0,0.0,0.0,46.0,139.0,9.0,40.0,23.0,37.0,7.0,36.5,11.0,16.0,6.0,42.3,6.0,6.0,100.0,19.0,1.0,5.0,2.0,2.0,100.0,3.0,1.0,3.8,32.8
Dallas Goedert,100.0,TE10,99.8,57.0,PHI,TE,26.0,15.0,14.0,0.0,0.0,0.0,0.0,0.0,0.0,0.0,0.0,0.0,76.0,56.0,830.0,14.82,4.0,1.0,0.0,4.0,1.0,0.0,109.0,165.0,168.0,137.0,16.0,8.0,57.0,0.0,0.0,0.0,0.0,0.0,0.0,0.0,0.0,0.0,0.0,0.0,0.0,0.0,0.0,0.0,0.0,0.0,0.0,0.0,0.0,0.0,0.0,0.0,0.0,6.0,5.0,83.33,52.0,2.0,10.0,3.0,2.0,66.67,12.0,2.0,11.1,42.8
Rob Gronkowski,101.0,TE11,100.5,48.0,TAM,TE,32.0,12.0,12.0,0.0,0.0,0.0,0.0,0.0,0.0,0.0,0.0,0.0,89.0,55.0,802.0,14.58,6.0,0.0,0.0,6.0,0.0,0.0,116.0,171.2,174.2,143.7,23.0,5.0,48.0,0.0,0.0,0.0,0.0,0.0,0.0,0.0,0.0,0.0,0.0,0.0,0.0,0.0,0.0,0.0,0.0,0.0,0.0,0.0,0.0,0.0,0.0,0.0,0.0,13.0,6.0,46.15,36.0,5.0,10.0,7.0,3.0,42.86,5.0,3.0,11.3,52.5
Corey Davis,102.0,WR41,101.3,182.0,NYJ,WR,26.0,9.0,9.0,0.0,0.0,0.0,0.0,0.0,0.0,0.0,0.0,0.0,59.0,34.0,492.0,14.47,4.0,2.0,1.0,4.0,0.0,0.0,71.0,105.2,109.2,88.2,0.0,64.0,0.0,0.0,0.0,0.0,0.0,0.0,0.0,0.0,0.0,0.0,0.0,0.0,0.0,0.0,0.0,0.0,0.0,0.0,0.0,0.0,0.0,0.0,0.0,0.0,0.0,4.0,3.0,75.0,14.0,2.0,6.6,2.0,2.0,100.0,11.0,2.0,8.7,-80.7
Laviska Shenault Jr.,104.0,WR42,102.8,193.0,JAX,WR,23.0,16.0,10.0,0.0,0.0,0.0,0.0,0.0,11.0,41.0,3.73,0.0,100.0,63.0,619.0,9.83,0.0,1.0,1.0,0.0,0.0,0.0,64.0,127.0,131.0,95.5,0.0,69.0,0.0,0.0,0.0,0.0,0.0,0.0,0.0,0.0,0.0,0.0,0.0,0.0,0.0,0.0,0.0,0.0,0.0,0.0,0.0,0.0,0.0,0.0,0.0,0.0,0.0,0.0,0.0,0.0,0.0,0.0,0.0,0.0,0.0,0.0,0.0,0.0,0.0,-90.2
Sony Michel,105.0,RB39,106.3,101.0,LAR,RB,26.0,17.0,7.0,0.0,0.0,0.0,0.0,0.0,208.0,845.0,4.06,4.0,33.0,21.0,128.0,6.1,1.0,1.0,1.0,5.0,0.0,0.0,125.0,146.3,153.3,135.8,0.0,27.0,0.0,0.0,0.0,0.0,0.0,0.0,0.0,0.0,0.0,0.0,0.0,0.0,0.0,50.0,99.0,4.0,46.7,26.0,44.0,4.0,48.1,7.0,4.0,3.0,33.3,3.0,2.0,66.67,-1.0,1.0,2.3,1.0,1.0,100.0,3.0,1.0,1.6,5.299999999999997
Joe Burrow,107.0,QB13,107.8,29.0,CIN,QB,25.0,16.0,16.0,366.0,520.0,4611.0,34.0,14.0,40.0,118.0,2.95,2.0,0.0,0.0,0.0,0.0,0.0,5.0,2.0,2.0,0.0,1.0,314.0,314.2,336.2,328.2,43.0,8.0,29.0,40.0,73.0,54.79,265.0,19.0,3.0,18.0,33.0,54.55,96.0,16.0,1.0,10.0,18.0,2.0,13.7,7.0,10.0,2.0,16.3,4.0,-1.0,0.0,20.0,0.0,0.0,0.0,0.0,0.0,0.0,0.0,0.0,0.0,0.0,0.0,0.0,78.8
Kenyan Drake,109.0,RB40,110.8,177.0,LVR,RB,27.0,12.0,2.0,0.0,0.0,0.0,0.0,0.0,63.0,254.0,4.03,2.0,40.0,30.0,291.0,9.7,1.0,1.0,0.0,3.0,0.0,0.0,73.0,102.5,108.5,87.5,0.0,57.0,0.0,0.0,0.0,0.0,0.0,0.0,0.0,0.0,0.0,0.0,0.0,0.0,0.0,11.0,59.0,2.0,14.7,2.0,8.0,1.0,5.4,1.0,4.0,1.0,5.0,5.0,4.0,80.0,25.0,0.0,5.7,0.0,0.0,0.0,0.0,0.0,0.0,-66.2
Michael Pittman Jr.,110.0,WR43,111.8,45.0,IND,WR,24.0,17.0,17.0,0.0,0.0,0.0,0.0,0.0,5.0,44.0,8.8,0.0,129.0,88.0,1082.0,12.3,6.0,1.0,0.0,6.0,1.0,0.0,151.0,238.6,241.6,194.6,27.0,16.0,45.0,0.0,0.0,0.0,0.0,0.0,0.0,0.0,0.0,0.0,0.0,0.0,0.0,0.0,0.0,0.0,0.0,0.0,0.0,0.0,0.0,0.0,0.0,0.0,0.0,0.0,0.0,0.0,0.0,0.0,0.0,0.0,0.0,0.0,0.0,0.0,0.0,66.8
Jamaal Williams,111.0,RB41,113.8,134.0,DET,RB,26.0,13.0,11.0,0.0,0.0,0.0,0.0,0.0,153.0,601.0,3.93,3.0,28.0,26.0,157.0,6.04,0.0,1.0,0.0,3.0,0.0,0.0,94.0,119.8,125.8,106.8,0.0,41.0,0.0,0.0,0.0,0.0,0.0,0.0,0.0,0.0,0.0,0.0,0.0,0.0,0.0,22.0,35.0,3.0,41.5,10.0,14.0,3.0,34.5,5.0,2.0,3.0,45.5,0.0,0.0,0.0,0.0,0.0,0.0,0.0,0.0,0.0,0.0,0.0,0.0,-20.200000000000003
David Johnson,112.0,RB42,115.0,231.0,HOU,RB,30.0,13.0,4.0,0.0,0.0,0.0,0.0,0.0,67.0,228.0,3.4,0.0,42.0,32.0,225.0,7.03,1.0,1.0,1.0,1.0,0.0,0.0,49.0,81.3,88.3,65.3,0.0,67.0,0.0,0.0,0.0,0.0,0.0,0.0,0.0,0.0,0.0,0.0,0.0,0.0,0.0,7.0,5.0,0.0,13.2,2.0,2.0,0.0,7.1,0.0,0.0,0.0,0.0,7.0,3.0,42.86,15.0,1.0,14.9,5.0,2.0,40.0,10.0,1.0,20.8,-116.0
Mike Gesicki,113.0,TE12,115.8,74.0,MIA,TE,26.0,17.0,9.0,0.0,1.0,0.0,0.0,0.0,0.0,0.0,0.0,0.0,112.0,73.0,780.0,10.68,2.0,0.0,0.0,2.0,1.0,0.0,92.0,165.0,168.0,128.5,0.0,11.0,74.0,0.0,0.0,0.0,0.0,0.0,0.0,0.0,0.0,0.0,0.0,0.0,0.0,0.0,0.0,0.0,0.0,0.0,0.0,0.0,0.0,0.0,0.0,0.0,0.0,9.0,5.0,55.56,22.0,2.0,12.2,4.0,2.0,50.0,7.0,2.0,10.5,41.8
Tyler Higbee,114.0,TE13,116.8,147.0,LAR,TE,28.0,15.0,15.0,0.0,0.0,0.0,0.0,0.0,0.0,0.0,0.0,0.0,85.0,61.0,560.0,9.18,5.0,1.0,0.0,5.0,0.0,0.0,86.0,147.0,150.0,116.5,0.0,14.0,0.0,0.0,0.0,0.0,0.0,0.0,0.0,0.0,0.0,0.0,0.0,0.0,0.0,0.0,0.0,0.0,0.0,0.0,0.0,0.0,0.0,0.0,0.0,0.0,0.0,19.0,13.0,68.42,105.0,5.0,14.6,10.0,6.0,60.0,31.0,3.0,16.1,-30.200000000000003
Jaylen Waddle,116.0,WR44,117.0,55.0,MIA,WR,23.0,16.0,16.0,0.0,0.0,0.0,0.0,0.0,2.0,3.0,1.5,1.0,140.0,104.0,1015.0,9.76,6.0,2.0,1.0,7.0,0.0,0.0,142.0,245.8,249.8,193.8,19.0,21.0,55.0,0.0,0.0,0.0,0.0,0.0,0.0,0.0,0.0,0.0,0.0,0.0,0.0,1.0,1.0,1.0,1.5,1.0,1.0,1.0,2.3,1.0,1.0,1.0,4.5,15.0,12.0,80.0,51.0,6.0,20.3,8.0,7.0,87.5,28.0,6.0,21.1,62.0
Mike Williams,117.0,WR45,118.0,25.0,LAC,WR,27.0,16.0,14.0,0.0,0.0,0.0,0.0,0.0,0.0,0.0,0.0,0.0,129.0,76.0,1146.0,15.08,9.0,0.0,0.0,9.0,1.0,0.0,171.0,246.6,249.6,208.6,46.0,9.0,25.0,0.0,0.0,0.0,0.0,0.0,0.0,0.0,0.0,0.0,0.0,0.0,0.0,0.0,0.0,0.0,0.0,0.0,0.0,0.0,0.0,0.0,0.0,0.0,0.0,19.0,7.0,36.84,47.0,4.0,19.4,12.0,3.0,25.0,12.0,2.0,24.5,93.0
Marquez Callaway,119.0,WR46,119.3,118.0,NOR,WR,23.0,17.0,11.0,0.0,0.0,0.0,0.0,0.0,0.0,0.0,0.0,0.0,84.0,46.0,698.0,15.17,6.0,0.0,0.0,6.0,0.0,0.0,106.0,151.8,154.8,128.8,0.0,38.0,0.0,0.0,0.0,0.0,0.0,0.0,0.0,0.0,0.0,0.0,0.0,0.0,0.0,0.0,0.0,0.0,0.0,0.0,0.0,0.0,0.0,0.0,0.0,0.0,0.0,9.0,5.0,55.56,52.0,4.0,14.5,3.0,2.0,66.67,12.0,2.0,11.5,1.2999999999999972
Mecole Hardman,123.0,WR48,124.0,162.0,KAN,WR,23.0,17.0,8.0,0.0,0.0,0.0,0.0,0.0,8.0,46.0,5.75,0.0,83.0,59.0,693.0,11.75,2.0,3.0,2.0,2.0,0.0,0.0,82.0,140.9,145.9,111.4,0.0,55.0,0.0,0.0,0.0,0.0,0.0,0.0,0.0,0.0,0.0,0.0,0.0,0.0,0.0,1.0,3.0,0.0,1.1,1.0,3.0,0.0,1.9,1.0,3.0,0.0,4.5,16.0,9.0,56.25,59.0,3.0,13.7,8.0,4.0,50.0,23.0,3.0,13.3,-38.0
Marquise Brown,124.0,WR49,126.5,64.0,BAL,WR,24.0,16.0,16.0,0.0,0.0,0.0,0.0,0.0,1.0,5.0,5.0,0.0,146.0,91.0,1008.0,11.08,6.0,3.0,1.0,6.0,0.0,0.0,135.0,226.3,230.3,180.8,13.0,25.0,64.0,0.0,0.0,0.0,0.0,0.0,0.0,0.0,0.0,0.0,0.0,0.0,0.0,0.0,0.0,0.0,0.0,0.0,0.0,0.0,0.0,0.0,0.0,0.0,0.0,16.0,8.0,50.0,43.0,2.0,21.9,8.0,3.0,37.5,18.0,2.0,23.5,62.5
Michael Gallup,125.0,WR50,127.0,208.0,DAL,WR,25.0,9.0,8.0,0.0,0.0,0.0,0.0,0.0,0.0,0.0,0.0,0.0,62.0,35.0,445.0,12.71,2.0,0.0,0.0,2.0,0.0,0.0,57.0,91.5,94.5,74.0,0.0,81.0,0.0,0.0,0.0,0.0,0.0,0.0,0.0,0.0,0.0,0.0,0.0,0.0,0.0,0.0,0.0,0.0,0.0,0.0,0.0,0.0,0.0,0.0,0.0,0.0,0.0,8.0,2.0,25.0,14.0,1.0,7.9,2.0,1.0,50.0,1.0,1.0,5.6,-81.0
Tony Pollard,126.0,RB43,128.8,102.0,DAL,RB,24.0,15.0,0.0,0.0,0.0,0.0,0.0,0.0,130.0,719.0,5.53,2.0,46.0,39.0,337.0,8.64,0.0,2.0,0.0,3.0,0.0,0.0,124.0,162.6,168.6,143.1,0.0,29.0,0.0,0.0,0.0,0.0,0.0,0.0,0.0,0.0,0.0,0.0,0.0,0.0,0.0,15.0,50.0,1.0,20.3,3.0,14.0,1.0,8.8,2.0,7.0,1.0,10.0,7.0,6.0,85.71,37.0,0.0,6.9,0.0,0.0,0.0,0.0,0.0,0.0,26.80000000000001
Trevor Lawrence,128.0,QB14,129.8,89.0,JAX,QB,22.0,17.0,17.0,359.0,602.0,3641.0,12.0,17.0,73.0,334.0,4.58,2.0,0.0,0.0,0.0,0.0,0.0,9.0,5.0,2.0,0.0,2.0,199.0,199.0,227.0,216.0,0.0,23.0,0.0,27.0,56.0,48.21,155.0,7.0,2.0,13.0,32.0,40.63,53.0,6.0,1.0,12.0,45.0,2.0,21.1,7.0,22.0,2.0,21.2,4.0,7.0,1.0,22.2,0.0,0.0,0.0,0.0,0.0,0.0,0.0,0.0,0.0,0.0,0.0,0.0,40.80000000000001
Matt Ryan,129.0,QB15,130.3,85.0,ATL,QB,36.0,17.0,17.0,375.0,560.0,3968.0,20.0,12.0,40.0,82.0,2.05,1.0,0.0,0.0,0.0,0.0,0.0,11.0,4.0,1.0,1.0,0.0,223.0,222.9,241.9,234.9,0.0,19.0,0.0,43.0,83.0,51.81,317.0,18.0,0.0,17.0,38.0,44.74,72.0,11.0,0.0,11.0,8.0,1.0,16.4,9.0,10.0,1.0,28.1,3.0,2.0,1.0,27.3,0.0,0.0,0.0,0.0,0.0,0.0,0.0,0.0,0.0,0.0,0.0,0.0,45.30000000000001
Baker Mayfield,130.0,QB16,131.5,91.0,CLE,QB,26.0,14.0,14.0,253.0,418.0,3010.0,17.0,13.0,37.0,134.0,3.62,1.0,0.0,0.0,11.0,0.0,0.0,6.0,3.0,1.0,0.0,2.0,181.0,180.9,202.9,193.9,0.0,26.0,0.0,27.0,44.0,61.36,190.0,12.0,0.0,10.0,21.0,47.62,38.0,9.0,0.0,4.0,10.0,1.0,4.5,1.0,5.0,1.0,2.3,0.0,0.0,0.0,0.0,0.0,0.0,0.0,0.0,0.0,0.0,0.0,0.0,0.0,0.0,0.0,0.0,40.5
Curtis Samuel,132.0,WR52,136.5,485.0,WAS,WR,25.0,5.0,1.0,0.0,0.0,0.0,0.0,0.0,4.0,11.0,2.75,0.0,9.0,6.0,27.0,4.5,0.0,0.0,0.0,0.0,0.0,0.0,4.0,9.8,9.8,6.8,0.0,188.0,0.0,0.0,0.0,0.0,0.0,0.0,0.0,0.0,0.0,0.0,0.0,0.0,0.0,0.0,0.0,0.0,0.0,0.0,0.0,0.0,0.0,0.0,0.0,0.0,0.0,1.0,0.0,0.0,0.0,0.0,1.9,0.0,0.0,0.0,0.0,0.0,0.0,-348.5
Darnell Mooney,135.0,WR53,138.0,58.0,CHI,WR,24.0,17.0,14.0,0.0,0.0,0.0,0.0,0.0,6.0,32.0,5.33,1.0,140.0,81.0,1055.0,13.02,4.0,0.0,0.0,5.0,0.0,0.0,139.0,219.7,222.7,179.2,16.0,22.0,58.0,0.0,0.0,0.0,0.0,0.0,0.0,0.0,0.0,0.0,0.0,0.0,0.0,3.0,18.0,1.0,3.6,1.0,0.0,0.0,2.1,0.0,0.0,0.0,0.0,10.0,5.0,50.0,31.0,3.0,17.5,6.0,3.0,50.0,9.0,2.0,23.1,80.0
Nyheim Hines,136.0,RB44,138.0,178.0,IND,RB,25.0,17.0,4.0,0.0,0.0,0.0,0.0,0.0,56.0,276.0,4.93,2.0,57.0,40.0,310.0,7.75,1.0,3.0,2.0,3.0,0.0,0.0,73.0,112.6,120.6,92.6,0.0,56.0,0.0,0.0,0.0,0.0,0.0,0.0,0.0,0.0,0.0,0.0,0.0,0.0,0.0,5.0,23.0,1.0,4.7,2.0,11.0,1.0,3.8,0.0,0.0,0.0,0.0,4.0,4.0,100.0,28.0,1.0,6.3,1.0,1.0,100.0,8.0,1.0,2.8,-40.0
Jonnu Smith,137.0,TE14,138.3,271.0,NWE,TE,26.0,16.0,11.0,0.0,0.0,0.0,0.0,0.0,9.0,40.0,4.44,0.0,45.0,28.0,294.0,10.5,1.0,1.0,0.0,1.0,0.0,0.0,39.0,67.4,70.4,53.4,0.0,34.0,0.0,0.0,0.0,0.0,0.0,0.0,0.0,0.0,0.0,0.0,0.0,0.0,0.0,2.0,7.0,0.0,2.1,1.0,5.0,0.0,1.9,0.0,0.0,0.0,0.0,10.0,5.0,50.0,25.0,1.0,12.8,5.0,2.0,40.0,5.0,1.0,14.3,-132.7
Justin Fields,138.0,QB17,140.3,99.0,CHI,QB,22.0,12.0,10.0,159.0,270.0,1870.0,7.0,10.0,72.0,420.0,5.83,2.0,0.0,0.0,0.0,0.0,0.0,12.0,5.0,2.0,0.0,0.0,127.0,126.8,147.8,136.8,0.0,31.0,0.0,17.0,31.0,54.84,116.0,5.0,0.0,4.0,14.0,28.57,17.0,3.0,0.0,9.0,27.0,1.0,10.8,4.0,8.0,1.0,8.5,1.0,3.0,1.0,4.8,0.0,0.0,0.0,0.0,0.0,0.0,0.0,0.0,0.0,0.0,0.0,0.0,41.30000000000001
Marvin Jones,139.0,WR54,140.5,117.0,JAX,WR,31.0,17.0,16.0,0.0,0.0,0.0,0.0,0.0,0.0,0.0,0.0,0.0,120.0,73.0,832.0,11.4,4.0,0.0,0.0,4.0,0.0,0.0,107.0,180.2,183.2,143.7,0.0,37.0,0.0,0.0,0.0,0.0,0.0,0.0,0.0,0.0,0.0,0.0,0.0,0.0,0.0,0.0,0.0,0.0,0.0,0.0,0.0,0.0,0.0,0.0,0.0,0.0,0.0,18.0,7.0,38.89,38.0,2.0,34.0,11.0,4.0,36.36,16.0,2.0,37.9,23.5
Alexander Mattison,140.0,RB45,144.0,132.0,MIN,RB,23.0,16.0,4.0,0.0,0.0,0.0,0.0,0.0,134.0,491.0,3.66,3.0,39.0,32.0,228.0,7.13,1.0,1.0,1.0,4.0,0.0,0.0,94.0,125.9,132.9,109.9,0.0,40.0,0.0,0.0,0.0,0.0,0.0,0.0,0.0,0.0,0.0,0.0,0.0,0.0,0.0,28.0,69.0,3.0,33.7,14.0,30.0,3.0,29.2,2.0,3.0,1.0,11.8,7.0,3.0,42.86,15.0,1.0,10.0,3.0,1.0,33.33,-3.0,0.0,9.4,12.0
Cole Beasley,141.0,WR55,144.5,171.0,BUF,WR,32.0,16.0,8.0,0.0,1.0,0.0,0.0,0.0,0.0,0.0,0.0,0.0,112.0,82.0,693.0,8.45,1.0,1.0,0.0,1.0,1.0,0.0,77.0,159.3,162.3,118.3,0.0,58.0,0.0,0.0,1.0,0.0,0.0,0.0,0.0,0.0,0.0,0.0,0.0,0.0,0.0,0.0,0.0,0.0,0.0,0.0,0.0,0.0,0.0,0.0,0.0,0.0,0.0,13.0,8.0,61.54,39.0,0.0,10.7,3.0,2.0,66.67,4.0,0.0,5.7,-26.5
Trey Lance,142.0,QB18,145.0,190.0,SFO,QB,21.0,6.0,2.0,41.0,71.0,603.0,5.0,2.0,38.0,168.0,4.42,1.0,0.0,0.0,0.0,0.0,0.0,0.0,0.0,1.0,1.0,0.0,65.0,64.9,72.9,66.9,0.0,40.0,0.0,4.0,7.0,57.14,27.0,3.0,0.0,3.0,6.0,50.0,21.0,3.0,0.0,4.0,7.0,1.0,6.3,2.0,5.0,1.0,5.1,1.0,1.0,1.0,6.7,0.0,0.0,0.0,0.0,0.0,0.0,0.0,0.0,0.0,0.0,0.0,0.0,-45.0
J.D. McKissic,143.0,RB46,146.5,153.0,WAS,RB,28.0,11.0,3.0,0.0,0.0,0.0,0.0,0.0,48.0,212.0,4.42,2.0,53.0,43.0,397.0,9.23,2.0,0.0,0.0,4.0,0.0,0.0,85.0,127.9,133.9,106.4,0.0,50.0,0.0,0.0,0.0,0.0,0.0,0.0,0.0,0.0,0.0,0.0,0.0,0.0,0.0,6.0,28.0,2.0,8.1,4.0,15.0,2.0,9.1,2.0,3.0,1.0,9.1,3.0,3.0,100.0,13.0,1.0,5.8,2.0,2.0,100.0,10.0,1.0,8.7,-6.5
Rhamondre Stevenson,144.0,RB47,148.0,126.0,NWE,RB,23.0,12.0,2.0,0.0,0.0,0.0,0.0,0.0,133.0,606.0,4.56,5.0,18.0,14.0,123.0,8.79,0.0,2.0,1.0,5.0,0.0,0.0,101.0,114.9,121.9,107.9,0.0,36.0,0.0,0.0,0.0,0.0,0.0,0.0,0.0,0.0,0.0,0.0,0.0,0.0,0.0,24.0,63.0,5.0,25.3,12.0,23.0,5.0,23.1,5.0,3.0,3.0,20.0,3.0,2.0,66.67,4.0,0.0,3.8,1.0,0.0,0.0,0.0,0.0,2.9,22.0
Tevin Coleman,146.0,RB48,150.8,260.0,NYJ,RB,28.0,11.0,5.0,0.0,0.0,0.0,0.0,0.0,84.0,356.0,4.24,0.0,16.0,11.0,49.0,4.45,0.0,0.0,0.0,0.0,0.0,0.0,41.0,51.5,54.5,46.0,0.0,77.0,0.0,0.0,0.0,0.0,0.0,0.0,0.0,0.0,0.0,0.0,0.0,0.0,0.0,13.0,44.0,0.0,18.3,9.0,18.0,0.0,19.6,4.0,4.0,0.0,14.8,6.0,5.0,83.33,24.0,0.0,9.8,2.0,2.0,100.0,12.0,0.0,8.7,-109.2
DeVante Parker,147.0,WR56,152.0,192.0,MIA,WR,28.0,10.0,8.0,0.0,0.0,0.0,0.0,0.0,0.0,0.0,0.0,0.0,73.0,40.0,515.0,12.88,2.0,0.0,0.0,2.0,0.0,0.0,64.0,103.5,106.5,83.5,0.0,70.0,0.0,0.0,0.0,0.0,0.0,0.0,0.0,0.0,0.0,0.0,0.0,0.0,0.0,0.0,0.0,0.0,0.0,0.0,0.0,0.0,0.0,0.0,0.0,0.0,0.0,6.0,3.0,50.0,23.0,2.0,8.1,2.0,1.0,50.0,3.0,1.0,5.3,-40.0
Jakobi Meyers,148.0,WR57,152.3,123.0,NWE,WR,25.0,17.0,16.0,2.0,2.0,45.0,0.0,0.0,1.0,9.0,9.0,0.0,126.0,83.0,866.0,10.43,2.0,1.0,1.0,2.0,2.0,0.0,103.0,186.3,190.3,144.8,0.0,41.0,0.0,0.0,0.0,0.0,0.0,0.0,0.0,0.0,0.0,0.0,0.0,0.0,0.0,0.0,0.0,0.0,0.0,0.0,0.0,0.0,0.0,0.0,0.0,0.0,0.0,16.0,9.0,56.25,47.0,2.0,20.5,9.0,4.0,44.44,24.0,1.0,25.7,29.30000000000001
Kirk Cousins,150.0,QB19,154.3,41.0,MIN,QB,33.0,16.0,16.0,372.0,561.0,4221.0,33.0,7.0,29.0,115.0,3.97,1.0,0.0,0.0,0.0,0.0,0.0,12.0,2.0,1.0,0.0,0.0,300.0,300.3,315.3,307.3,30.0,11.0,41.0,44.0,71.0,61.97,306.0,22.0,1.0,20.0,33.0,60.61,85.0,16.0,1.0,4.0,-2.0,1.0,4.8,4.0,-2.0,1.0,8.3,1.0,1.0,1.0,5.9,0.0,0.0,0.0,0.0,0.0,0.0,0.0,0.0,0.0,0.0,0.0,0.0,113.3
Jared Cook,151.0,TE15,154.5,155.0,LAC,TE,34.0,16.0,10.0,0.0,0.0,0.0,0.0,0.0,0.0,0.0,0.0,0.0,83.0,48.0,564.0,11.75,4.0,0.0,0.0,4.0,2.0,0.0,84.0,132.4,135.4,108.4,0.0,15.0,0.0,0.0,0.0,0.0,0.0,0.0,0.0,0.0,0.0,0.0,0.0,0.0,0.0,0.0,0.0,0.0,0.0,0.0,0.0,0.0,0.0,0.0,0.0,0.0,0.0,13.0,6.0,46.15,35.0,4.0,13.3,6.0,3.0,50.0,12.0,3.0,12.2,-0.5
Jameis Winston,152.0,QB20,155.8,109.0,NOR,QB,27.0,7.0,7.0,95.0,161.0,1170.0,14.0,3.0,32.0,166.0,5.19,1.0,0.0,0.0,0.0,0.0,0.0,2.0,1.0,1.0,0.0,0.0,117.0,117.4,127.4,120.4,0.0,33.0,0.0,16.0,21.0,76.19,147.0,11.0,0.0,7.0,9.0,77.78,37.0,5.0,0.0,4.0,7.0,1.0,5.3,3.0,5.0,1.0,9.7,0.0,0.0,0.0,0.0,0.0,0.0,0.0,0.0,0.0,0.0,0.0,0.0,0.0,0.0,0.0,0.0,46.80000000000001
Ben Roethlisberger,153.0,QB21,156.0,87.0,PIT,QB,39.0,16.0,16.0,390.0,605.0,3740.0,22.0,10.0,20.0,5.0,0.25,1.0,0.0,0.0,0.0,0.0,0.0,11.0,5.0,1.0,0.0,2.0,218.0,218.1,236.1,228.1,0.0,21.0,0.0,48.0,90.0,53.33,324.0,19.0,0.0,21.0,40.0,52.5,96.0,13.0,0.0,5.0,-4.0,1.0,12.2,2.0,1.0,1.0,8.7,2.0,1.0,1.0,13.3,0.0,0.0,0.0,0.0,0.0,0.0,0.0,0.0,0.0,0.0,0.0,0.0,69.0
Phillip Lindsay,155.0,RB49,159.5,261.0,2TM,RB,27.0,14.0,1.0,0.0,0.0,0.0,0.0,0.0,88.0,249.0,2.83,1.0,5.0,4.0,45.0,11.25,1.0,0.0,0.0,2.0,0.0,0.0,41.0,45.4,48.4,43.4,0.0,76.0,0.0,0.0,0.0,0.0,0.0,0.0,0.0,0.0,0.0,0.0,0.0,0.0,0.0,8.0,16.0,1.0,0.0,3.0,4.0,1.0,0.0,0.0,0.0,0.0,0.0,1.0,0.0,0.0,0.0,0.0,2.1,1.0,0.0,0.0,0.0,0.0,4.2,-101.5
Latavius Murray,156.0,RB50,160.3,133.0,BAL,RB,31.0,14.0,6.0,0.0,0.0,0.0,0.0,0.0,119.0,501.0,4.21,6.0,13.0,10.0,75.0,7.5,0.0,0.0,0.0,6.0,0.0,0.0,94.0,103.6,106.6,98.6,0.0,42.0,0.0,0.0,0.0,0.0,0.0,0.0,0.0,0.0,0.0,0.0,0.0,0.0,0.0,20.0,88.0,5.0,29.9,12.0,31.0,3.0,31.6,3.0,-1.0,1.0,15.8,3.0,1.0,33.33,3.0,0.0,4.1,1.0,0.0,0.0,0.0,0.0,2.9,27.30000000000001
Nelson Agholor,159.0,WR58,168.3,186.0,NWE,WR,28.0,15.0,13.0,0.0,0.0,0.0,0.0,0.0,3.0,11.0,3.67,0.0,64.0,37.0,473.0,12.78,3.0,0.0,0.0,3.0,0.0,0.0,66.0,103.4,106.4,84.9,0.0,66.0,0.0,0.0,0.0,0.0,0.0,0.0,0.0,0.0,0.0,0.0,0.0,0.0,0.0,0.0,0.0,0.0,0.0,0.0,0.0,0.0,0.0,0.0,0.0,0.0,0.0,6.0,5.0,83.33,42.0,2.0,7.7,1.0,1.0,100.0,7.0,1.0,2.9,-17.69999999999999
Russell Gage,160.0,WR59,171.0,129.0,ATL,WR,25.0,14.0,9.0,0.0,0.0,0.0,0.0,0.0,0.0,0.0,0.0,0.0,94.0,66.0,770.0,11.67,4.0,2.0,2.0,4.0,0.0,0.0,97.0,163.0,168.0,130.0,0.0,45.0,0.0,0.0,0.0,0.0,0.0,0.0,0.0,0.0,0.0,0.0,0.0,0.0,0.0,0.0,0.0,0.0,0.0,0.0,0.0,0.0,0.0,0.0,0.0,0.0,0.0,13.0,8.0,61.54,85.0,3.0,16.7,4.0,2.0,50.0,9.0,1.0,11.4,42.0
Mac Jones,161.0,QB22,171.8,84.0,NWE,QB,23.0,17.0,17.0,352.0,521.0,3801.0,22.0,13.0,44.0,129.0,2.93,0.0,0.0,0.0,0.0,0.0,0.0,7.0,3.0,0.0,0.0,2.0,225.0,224.9,246.9,237.9,0.0,18.0,0.0,47.0,80.0,58.75,272.0,18.0,1.0,19.0,37.0,51.35,80.0,12.0,0.0,7.0,16.0,0.0,7.4,1.0,3.0,0.0,1.9,0.0,0.0,0.0,0.0,0.0,0.0,0.0,0.0,0.0,0.0,0.0,0.0,0.0,0.0,0.0,0.0,87.80000000000001
Tua Tagovailoa,163.0,QB23,172.8,92.0,MIA,QB,23.0,13.0,12.0,263.0,388.0,2653.0,16.0,10.0,42.0,128.0,3.05,3.0,0.0,0.0,0.0,0.0,0.0,9.0,1.0,3.0,0.0,1.0,181.0,180.9,197.9,190.9,0.0,25.0,0.0,34.0,52.0,65.38,164.0,15.0,1.0,20.0,26.0,76.92,83.0,14.0,0.0,9.0,29.0,3.0,13.2,5.0,10.0,3.0,11.6,4.0,8.0,3.0,18.2,0.0,0.0,0.0,0.0,0.0,0.0,0.0,0.0,0.0,0.0,0.0,0.0,80.80000000000001
Chuba Hubbard,165.0,RB51,140.0,113.0,CAR,RB,22.0,17.0,10.0,0.0,0.0,0.0,0.0,0.0,172.0,612.0,3.56,5.0,37.0,25.0,174.0,6.96,1.0,1.0,1.0,6.0,0.0,0.0,113.0,137.6,144.6,125.1,0.0,33.0,0.0,0.0,0.0,0.0,0.0,0.0,0.0,0.0,0.0,0.0,0.0,0.0,0.0,24.0,69.0,4.0,34.3,9.0,15.0,3.0,24.3,2.0,4.0,1.0,13.3,3.0,1.0,33.33,2.0,1.0,6.0,2.0,1.0,50.0,2.0,1.0,7.7,27.0
Elijah Moore,167.0,WR60,146.3,130.0,NYJ,WR,21.0,11.0,6.0,0.0,0.0,0.0,0.0,0.0,5.0,54.0,10.8,1.0,77.0,43.0,538.0,12.51,5.0,0.0,0.0,6.0,0.0,0.0,95.0,138.2,141.2,116.7,0.0,46.0,0.0,0.0,0.0,0.0,0.0,0.0,0.0,0.0,0.0,0.0,0.0,0.0,0.0,2.0,26.0,1.0,2.8,0.0,0.0,0.0,0.0,0.0,0.0,0.0,0.0,7.0,5.0,71.43,53.0,4.0,11.5,2.0,1.0,50.0,3.0,1.0,8.7,16.30000000000001
Mark Ingram,169.0,RB52,183.8,163.0,2TM,RB,32.0,14.0,10.0,0.0,0.0,0.0,0.0,0.0,160.0,554.0,3.46,2.0,35.0,27.0,162.0,6.0,0.0,1.0,1.0,2.0,0.0,0.0,82.0,108.6,115.6,95.1,0.0,54.0,0.0,0.0,0.0,0.0,0.0,0.0,0.0,0.0,0.0,0.0,0.0,0.0,0.0,23.0,49.0,2.0,0.0,12.0,16.0,1.0,0.0,7.0,7.0,1.0,0.0,5.0,1.0,20.0,5.0,0.0,0.0,1.0,0.0,0.0,0.0,0.0,0.0,20.80000000000001
Hunter Henry,172.0,TE16,154.0,53.0,NWE,TE,27.0,17.0,10.0,0.0,0.0,0.0,0.0,0.0,0.0,0.0,0.0,0.0,75.0,50.0,603.0,12.06,9.0,0.0,0.0,9.0,0.0,0.0,114.0,164.3,167.3,139.3,21.0,7.0,53.0,0.0,0.0,0.0,0.0,0.0,0.0,0.0,0.0,0.0,0.0,0.0,0.0,0.0,0.0,0.0,0.0,0.0,0.0,0.0,0.0,0.0,0.0,0.0,0.0,18.0,8.0,44.44,57.0,8.0,23.1,10.0,5.0,50.0,21.0,5.0,28.6,101.0
Zach Ertz,173.0,TE17,155.0,62.0,2TM,TE,31.0,17.0,14.0,0.0,0.0,0.0,0.0,0.0,1.0,4.0,4.0,0.0,112.0,74.0,763.0,10.31,5.0,0.0,0.0,5.0,0.0,0.0,107.0,180.7,183.7,143.7,14.0,10.0,62.0,0.0,0.0,0.0,0.0,0.0,0.0,0.0,0.0,0.0,0.0,0.0,0.0,1.0,4.0,0.0,1.0,1.0,4.0,0.0,1.8,0.0,0.0,0.0,0.0,20.0,8.0,40.0,35.0,4.0,0.0,9.0,5.0,55.56,14.0,4.0,0.0,93.0
Rashaad Penny,174.0,RB54,155.7,110.0,SEA,RB,25.0,10.0,6.0,0.0,0.0,0.0,0.0,0.0,119.0,749.0,6.29,6.0,8.0,6.0,48.0,8.0,0.0,0.0,0.0,6.0,0.0,0.0,116.0,121.7,124.7,118.7,0.0,31.0,0.0,0.0,0.0,0.0,0.0,0.0,0.0,0.0,0.0,0.0,0.0,0.0,0.0,16.0,47.0,3.0,27.6,8.0,24.0,2.0,26.7,3.0,3.0,1.0,15.8,1.0,0.0,0.0,0.0,0.0,1.9,0.0,0.0,0.0,0.0,0.0,0.0,45.69999999999999
Evan Engram,178.0,TE18,169.7,207.0,NYG,TE,27.0,15.0,12.0,0.0,0.0,0.0,0.0,0.0,1.0,-3.0,-3.0,0.0,73.0,46.0,408.0,8.87,3.0,1.0,1.0,3.0,0.0,0.0,57.0,102.5,106.5,79.5,0.0,23.0,0.0,0.0,0.0,0.0,0.0,0.0,0.0,0.0,0.0,0.0,0.0,0.0,0.0,1.0,-3.0,0.0,2.2,1.0,-3.0,0.0,4.3,1.0,-3.0,0.0,9.1,4.0,2.0,50.0,14.0,2.0,7.1,4.0,2.0,50.0,14.0,2.0,14.3,-37.30000000000001
Bryan Edwards,179.0,WR61,169.7,176.0,LVR,WR,23.0,16.0,12.0,0.0,0.0,0.0,0.0,0.0,1.0,0.0,0.0,0.0,59.0,34.0,571.0,16.79,3.0,1.0,0.0,3.0,0.0,0.0,75.0,109.1,112.1,92.1,0.0,62.0,0.0,0.0,0.0,0.0,0.0,0.0,0.0,0.0,0.0,0.0,0.0,0.0,0.0,0.0,0.0,0.0,0.0,0.0,0.0,0.0,0.0,0.0,0.0,0.0,0.0,8.0,3.0,37.5,14.0,2.0,9.1,5.0,2.0,40.0,6.0,2.0,12.5,-6.300000000000011
Pat Freiermuth,180.0,TE19,170.3,135.0,PIT,TE,23.0,16.0,9.0,0.0,0.0,0.0,0.0,0.0,0.0,0.0,0.0,0.0,79.0,60.0,497.0,8.28,7.0,1.0,1.0,7.0,1.0,0.0,92.0,151.7,155.7,121.7,0.0,12.0,0.0,0.0,0.0,0.0,0.0,0.0,0.0,0.0,0.0,0.0,0.0,0.0,0.0,0.0,0.0,0.0,0.0,0.0,0.0,0.0,0.0,0.0,0.0,0.0,0.0,20.0,13.0,65.0,92.0,7.0,20.4,9.0,7.0,77.78,31.0,5.0,20.5,35.30000000000001
Sterling Shepard,181.0,WR62,173.3,256.0,NYG,WR,28.0,7.0,6.0,0.0,0.0,0.0,0.0,0.0,1.0,-9.0,-9.0,0.0,53.0,36.0,366.0,10.17,1.0,0.0,0.0,1.0,0.0,0.0,42.0,77.7,80.7,59.7,0.0,106.0,0.0,0.0,0.0,0.0,0.0,0.0,0.0,0.0,0.0,0.0,0.0,0.0,0.0,0.0,0.0,0.0,0.0,0.0,0.0,0.0,0.0,0.0,0.0,0.0,0.0,9.0,6.0,66.67,35.0,0.0,16.1,3.0,2.0,66.67,5.0,0.0,10.7,-82.69999999999999
Gerald Everett,182.0,TE20,175.7,183.0,SEA,TE,27.0,15.0,12.0,0.0,0.0,0.0,0.0,0.0,3.0,20.0,6.67,0.0,63.0,48.0,478.0,9.96,4.0,2.0,2.0,4.0,0.0,0.0,70.0,117.8,122.8,93.8,0.0,21.0,0.0,0.0,0.0,0.0,0.0,0.0,0.0,0.0,0.0,0.0,0.0,0.0,0.0,0.0,0.0,0.0,0.0,0.0,0.0,0.0,0.0,0.0,0.0,0.0,0.0,8.0,4.0,50.0,16.0,3.0,15.4,7.0,4.0,57.14,16.0,3.0,36.8,-7.300000000000011
Giovani Bernard,183.0,RB55,180.3,282.0,TAM,RB,30.0,12.0,0.0,0.0,0.0,0.0,0.0,0.0,8.0,58.0,7.25,0.0,29.0,23.0,123.0,5.35,3.0,1.0,0.0,3.0,0.0,0.0,36.0,59.1,62.1,47.6,0.0,81.0,0.0,0.0,0.0,0.0,0.0,0.0,0.0,0.0,0.0,0.0,0.0,0.0,0.0,3.0,1.0,1.0,3.7,1.0,2.0,1.0,1.7,1.0,2.0,1.0,4.0,7.0,5.0,71.43,23.0,3.0,5.4,7.0,5.0,71.43,23.0,3.0,11.3,-101.7
Rondale Moore,184.0,WR63,180.7,216.0,ARI,WR,21.0,14.0,7.0,0.0,0.0,0.0,0.0,0.0,18.0,76.0,4.22,0.0,64.0,54.0,435.0,8.06,1.0,3.0,1.0,1.0,0.0,0.0,55.0,109.1,113.1,82.1,0.0,85.0,0.0,0.0,0.0,0.0,0.0,0.0,0.0,0.0,0.0,0.0,0.0,0.0,0.0,5.0,7.0,0.0,5.0,1.0,3.0,0.0,1.8,1.0,3.0,0.0,3.4,8.0,7.0,87.5,13.0,0.0,10.0,2.0,2.0,100.0,3.0,0.0,5.1,-35.30000000000001
Kenneth Gainwell,186.0,RB56,181.7,142.0,PHI,RB,22.0,16.0,1.0,0.0,0.0,0.0,0.0,0.0,68.0,291.0,4.28,5.0,50.0,33.0,253.0,7.67,1.0,2.0,1.0,6.0,1.0,0.0,90.0,123.4,130.4,106.9,0.0,45.0,0.0,0.0,0.0,0.0,0.0,0.0,0.0,0.0,0.0,0.0,0.0,0.0,0.0,10.0,47.0,5.0,9.6,8.0,35.0,4.0,11.4,2.0,3.0,1.0,5.6,10.0,8.0,80.0,52.0,2.0,16.7,1.0,0.0,0.0,0.0,0.0,3.7,39.69999999999999
Terrace Marshall Jr.,187.0,WR64,181.7,375.0,CAR,WR,21.0,13.0,3.0,0.0,0.0,0.0,0.0,0.0,0.0,0.0,0.0,0.0,30.0,17.0,138.0,8.12,0.0,0.0,0.0,0.0,1.0,0.0,16.0,32.8,35.8,24.3,0.0,148.0,0.0,0.0,0.0,0.0,0.0,0.0,0.0,0.0,0.0,0.0,0.0,0.0,0.0,0.0,0.0,0.0,0.0,0.0,0.0,0.0,0.0,0.0,0.0,0.0,0.0,0.0,0.0,0.0,0.0,0.0,0.0,0.0,0.0,0.0,0.0,0.0,0.0,-193.3
Derek Carr,190.0,QB25,184.3,80.0,LVR,QB,30.0,17.0,17.0,428.0,626.0,4804.0,23.0,14.0,40.0,108.0,2.7,0.0,0.0,0.0,0.0,0.0,0.0,13.0,5.0,0.0,0.0,0.0,257.0,257.0,282.0,271.0,0.0,14.0,0.0,47.0,93.0,50.54,290.0,18.0,3.0,18.0,44.0,40.91,73.0,12.0,3.0,7.0,14.0,0.0,9.3,4.0,2.0,0.0,10.8,2.0,1.0,0.0,10.0,0.0,0.0,0.0,0.0,0.0,0.0,0.0,0.0,0.0,0.0,0.0,0.0,104.3
Marlon Mack,191.0,RB57,186.3,412.0,IND,RB,25.0,6.0,0.0,0.0,0.0,0.0,0.0,0.0,28.0,101.0,3.61,0.0,5.0,2.0,8.0,4.0,0.0,0.0,0.0,0.0,0.0,0.0,11.0,12.9,15.9,11.9,0.0,119.0,0.0,0.0,0.0,0.0,0.0,0.0,0.0,0.0,0.0,0.0,0.0,0.0,0.0,2.0,11.0,0.0,1.9,0.0,0.0,0.0,0.0,0.0,0.0,0.0,0.0,0.0,0.0,0.0,0.0,0.0,0.0,0.0,0.0,0.0,0.0,0.0,0.0,-225.7
Tony Jones,192.0,RB58,186.3,368.0,NOR,RB,24.0,11.0,4.0,0.0,0.0,0.0,0.0,0.0,54.0,142.0,2.63,0.0,8.0,5.0,29.0,5.8,0.0,0.0,0.0,0.0,0.0,0.0,17.0,22.1,25.1,19.6,0.0,104.0,0.0,0.0,0.0,0.0,0.0,0.0,0.0,0.0,0.0,0.0,0.0,0.0,0.0,4.0,19.0,0.0,5.3,1.0,1.0,0.0,3.2,1.0,1.0,0.0,6.7,1.0,1.0,100.0,3.0,0.0,1.6,1.0,1.0,100.0,3.0,0.0,3.8,-181.7
A.J. Green,193.0,WR65,187.7,121.0,ARI,WR,33.0,16.0,9.0,0.0,0.0,0.0,0.0,0.0,0.0,0.0,0.0,0.0,92.0,54.0,848.0,15.7,3.0,0.0,0.0,3.0,0.0,0.0,103.0,156.8,159.8,129.8,0.0,43.0,0.0,0.0,0.0,0.0,0.0,0.0,0.0,0.0,0.0,0.0,0.0,0.0,0.0,0.0,0.0,0.0,0.0,0.0,0.0,0.0,0.0,0.0,0.0,0.0,0.0,17.0,5.0,29.41,36.0,2.0,21.3,11.0,3.0,27.27,14.0,1.0,28.2,66.69999999999999
Amon-Ra St. Brown,194.0,WR66,188.3,61.0,DET,WR,22.0,17.0,9.0,0.0,0.0,0.0,0.0,0.0,7.0,61.0,8.71,1.0,119.0,90.0,912.0,10.13,5.0,0.0,0.0,6.0,2.0,0.0,137.0,227.3,230.3,182.3,15.0,23.0,61.0,0.0,0.0,0.0,0.0,0.0,0.0,0.0,0.0,0.0,0.0,0.0,0.0,0.0,0.0,0.0,0.0,0.0,0.0,0.0,0.0,0.0,0.0,0.0,0.0,14.0,9.0,64.29,62.0,3.0,23.3,5.0,3.0,60.0,11.0,2.0,20.0,127.3
Randall Cobb,195.0,WR67,188.7,187.0,GNB,WR,31.0,12.0,3.0,0.0,0.0,0.0,0.0,0.0,1.0,1.0,1.0,0.0,39.0,28.0,375.0,13.39,5.0,1.0,1.0,5.0,0.0,0.0,66.0,93.6,97.6,79.6,0.0,68.0,0.0,0.0,0.0,0.0,0.0,0.0,0.0,0.0,0.0,0.0,0.0,0.0,0.0,0.0,0.0,0.0,0.0,0.0,0.0,0.0,0.0,0.0,0.0,0.0,0.0,12.0,4.0,33.33,16.0,4.0,10.2,11.0,4.0,36.36,16.0,4.0,21.6,1.6999999999999886
Darrel Williams,198.0,RB59,193.7,72.0,KAN,RB,26.0,17.0,7.0,0.0,0.0,0.0,0.0,0.0,144.0,558.0,3.88,6.0,57.0,47.0,452.0,9.62,2.0,0.0,0.0,8.0,0.0,0.0,149.0,196.0,202.0,172.5,3.0,22.0,72.0,0.0,0.0,0.0,0.0,0.0,0.0,0.0,0.0,0.0,0.0,0.0,0.0,28.0,54.0,6.0,30.1,20.0,37.0,6.0,38.5,14.0,13.0,6.0,63.6,10.0,6.0,60.0,20.0,0.0,8.5,5.0,4.0,80.0,12.0,0.0,8.3,121.7
Devontae Booker,199.0,RB60,197.0,120.0,NYG,RB,29.0,16.0,4.0,0.0,0.0,0.0,0.0,0.0,145.0,593.0,4.09,2.0,45.0,40.0,268.0,6.7,1.0,0.0,0.0,3.0,0.0,0.0,104.0,144.1,150.1,124.1,0.0,35.0,0.0,0.0,0.0,0.0,0.0,0.0,0.0,0.0,0.0,0.0,0.0,0.0,0.0,15.0,49.0,2.0,33.3,8.0,5.0,1.0,34.8,5.0,1.0,1.0,45.5,2.0,2.0,100.0,10.0,1.0,3.6,2.0,2.0,100.0,10.0,1.0,7.1,77.0
Zach Wilson,200.0,QB26,197.7,96.0,NYJ,QB,22.0,13.0,13.0,213.0,383.0,2334.0,9.0,11.0,29.0,185.0,6.38,4.0,1.0,0.0,0.0,0.0,0.0,5.0,1.0,4.0,1.0,1.0,152.0,151.9,169.9,162.9,0.0,30.0,0.0,24.0,41.0,58.54,115.0,6.0,0.0,12.0,19.0,63.16,57.0,6.0,0.0,8.0,8.0,3.0,11.3,8.0,8.0,3.0,17.4,6.0,3.0,3.0,22.2,1.0,0.0,0.0,0.0,0.0,1.6,1.0,0.0,0.0,0.0,0.0,4.3,101.7
Anthony Firkser,201.0,TE21,200.7,243.0,TEN,TE,26.0,15.0,1.0,0.0,0.0,0.0,0.0,0.0,0.0,0.0,0.0,0.0,43.0,34.0,291.0,8.56,2.0,2.0,1.0,3.0,0.0,0.0,45.0,79.1,83.1,62.1,0.0,29.0,0.0,0.0,0.0,0.0,0.0,0.0,0.0,0.0,0.0,0.0,0.0,0.0,0.0,0.0,0.0,0.0,0.0,0.0,0.0,0.0,0.0,0.0,0.0,0.0,0.0,6.0,5.0,83.33,42.0,2.0,7.5,3.0,3.0,100.0,16.0,1.0,8.6,-42.30000000000001
Damien Williams,202.0,RB61,205.0,245.0,CHI,RB,29.0,12.0,2.0,0.0,0.0,0.0,0.0,0.0,40.0,164.0,4.1,2.0,23.0,16.0,103.0,6.44,1.0,0.0,0.0,3.0,0.0,0.0,45.0,60.7,66.7,52.7,0.0,72.0,0.0,0.0,0.0,0.0,0.0,0.0,0.0,0.0,0.0,0.0,0.0,0.0,0.0,8.0,23.0,2.0,9.6,4.0,8.0,2.0,8.5,3.0,8.0,2.0,14.3,1.0,1.0,100.0,6.0,0.0,1.8,0.0,0.0,0.0,0.0,0.0,0.0,-40.0
Ty'Son Williams,205.0,RB62,180.5,306.0,BAL,RB,25.0,13.0,3.0,0.0,0.0,0.0,0.0,0.0,35.0,185.0,5.29,1.0,12.0,9.0,84.0,9.33,0.0,1.0,0.0,1.0,0.0,0.0,33.0,41.9,44.9,37.4,0.0,86.0,0.0,0.0,0.0,0.0,0.0,0.0,0.0,0.0,0.0,0.0,0.0,0.0,0.0,5.0,25.0,0.0,7.5,2.0,11.0,0.0,5.3,1.0,3.0,0.0,5.3,3.0,2.0,66.67,15.0,0.0,4.1,0.0,0.0,0.0,0.0,0.0,0.0,-125.5
Marquez Valdes-Scantling,206.0,WR69,215.7,199.0,GNB,WR,27.0,11.0,7.0,0.0,0.0,0.0,0.0,0.0,0.0,0.0,0.0,0.0,55.0,26.0,430.0,16.54,3.0,0.0,0.0,3.0,0.0,0.0,61.0,87.0,90.0,74.0,0.0,73.0,0.0,0.0,0.0,0.0,0.0,0.0,0.0,0.0,0.0,0.0,0.0,0.0,0.0,0.0,0.0,0.0,0.0,0.0,0.0,0.0,0.0,0.0,0.0,0.0,0.0,8.0,3.0,37.5,29.0,2.0,6.8,3.0,1.0,33.33,6.0,0.0,5.9,16.69999999999999
Malcolm Brown,207.0,RB63,215.7,350.0,MIA,RB,28.0,7.0,3.0,0.0,0.0,0.0,0.0,0.0,33.0,125.0,3.79,1.0,5.0,3.0,10.0,3.33,0.0,0.0,0.0,1.0,0.0,0.0,20.0,22.5,25.5,21.0,0.0,101.0,0.0,0.0,0.0,0.0,0.0,0.0,0.0,0.0,0.0,0.0,0.0,0.0,0.0,7.0,10.0,0.0,10.3,6.0,9.0,0.0,14.0,4.0,1.0,0.0,18.2,1.0,1.0,100.0,4.0,0.0,1.4,0.0,0.0,0.0,0.0,0.0,0.0,-134.3
Darrynton Evans,209.0,RB64,186.0,519.0,TEN,RB,23.0,1.0,0.0,0.0,0.0,0.0,0.0,0.0,2.0,7.0,3.5,0.0,2.0,2.0,11.0,5.5,0.0,0.0,0.0,0.0,0.0,0.0,2.0,3.8,3.8,2.8,0.0,148.0,0.0,0.0,0.0,0.0,0.0,0.0,0.0,0.0,0.0,0.0,0.0,0.0,0.0,0.0,0.0,0.0,0.0,0.0,0.0,0.0,0.0,0.0,0.0,0.0,0.0,0.0,0.0,0.0,0.0,0.0,0.0,0.0,0.0,0.0,0.0,0.0,0.0,-333.0
Jalen Reagor,211.0,WR70,192.0,244.0,PHI,WR,22.0,17.0,13.0,0.0,0.0,0.0,0.0,0.0,10.0,32.0,3.2,0.0,57.0,33.0,299.0,9.06,2.0,2.0,0.0,2.0,0.0,0.0,45.0,78.1,81.1,61.6,0.0,98.0,0.0,0.0,0.0,0.0,0.0,0.0,0.0,0.0,0.0,0.0,0.0,0.0,0.0,0.0,0.0,0.0,0.0,0.0,0.0,0.0,0.0,0.0,0.0,0.0,0.0,5.0,3.0,60.0,23.0,1.0,8.3,2.0,2.0,100.0,6.0,0.0,7.4,-52.0
Austin Hooper,212.0,TE22,195.5,214.0,CLE,TE,27.0,16.0,16.0,0.0,0.0,0.0,0.0,0.0,0.0,0.0,0.0,0.0,61.0,38.0,345.0,9.08,3.0,0.0,0.0,3.0,1.0,0.0,55.0,92.5,95.5,73.5,0.0,26.0,0.0,0.0,0.0,0.0,0.0,0.0,0.0,0.0,0.0,0.0,0.0,0.0,0.0,0.0,0.0,0.0,0.0,0.0,0.0,0.0,0.0,0.0,0.0,0.0,0.0,11.0,9.0,81.82,63.0,3.0,19.6,5.0,3.0,60.0,7.0,2.0,17.9,-18.5
Rashod Bateman,213.0,WR71,198.5,205.0,BAL,WR,22.0,12.0,4.0,0.0,0.0,0.0,0.0,0.0,0.0,0.0,0.0,0.0,68.0,46.0,515.0,11.2,1.0,0.0,0.0,1.0,0.0,0.0,58.0,103.5,106.5,80.5,0.0,80.0,0.0,0.0,0.0,0.0,0.0,0.0,0.0,0.0,0.0,0.0,0.0,0.0,0.0,0.0,0.0,0.0,0.0,0.0,0.0,0.0,0.0,0.0,0.0,0.0,0.0,5.0,4.0,80.0,25.0,1.0,6.8,2.0,1.0,50.0,4.0,1.0,5.9,-6.5
Ty Johnson,214.0,RB65,202.5,161.0,NYJ,RB,24.0,16.0,3.0,0.0,0.0,0.0,0.0,0.0,61.0,238.0,3.9,2.0,55.0,34.0,372.0,10.94,2.0,2.0,1.0,4.0,0.0,0.0,83.0,117.0,124.0,100.0,0.0,52.0,0.0,0.0,0.0,0.0,0.0,0.0,0.0,0.0,0.0,0.0,0.0,0.0,0.0,11.0,15.0,2.0,15.5,8.0,13.0,2.0,17.4,5.0,3.0,2.0,18.5,4.0,3.0,75.0,37.0,1.0,6.6,0.0,0.0,0.0,0.0,0.0,0.0,41.5
Jamison Crowder,215.0,WR72,206.5,202.0,NYJ,WR,28.0,12.0,4.0,0.0,0.0,0.0,0.0,0.0,0.0,0.0,0.0,0.0,71.0,51.0,447.0,8.76,2.0,1.0,1.0,2.0,1.0,1.0,59.0,109.7,113.7,84.2,0.0,78.0,0.0,0.0,0.0,0.0,0.0,0.0,0.0,0.0,0.0,0.0,0.0,0.0,0.0,0.0,0.0,0.0,0.0,0.0,0.0,0.0,0.0,0.0,0.0,0.0,0.0,11.0,8.0,72.73,45.0,2.0,18.0,2.0,2.0,100.0,5.0,2.0,8.7,4.5
Wayne Gallman,216.0,RB66,209.5,391.0,2TM,RB,27.0,8.0,0.0,0.0,0.0,0.0,0.0,0.0,28.0,104.0,3.71,0.0,3.0,1.0,21.0,21.0,0.0,0.0,0.0,0.0,0.0,0.0,13.0,13.5,16.5,13.0,0.0,114.0,0.0,0.0,0.0,0.0,0.0,0.0,0.0,0.0,0.0,0.0,0.0,0.0,0.0,1.0,1.0,0.0,1.5,0.0,0.0,0.0,0.0,0.0,0.0,0.0,0.0,0.0,0.0,0.0,0.0,0.0,0.0,0.0,0.0,0.0,0.0,0.0,0.0,-181.5
T.Y. Hilton,217.0,WR73,209.5,226.0,IND,WR,32.0,10.0,9.0,0.0,0.0,0.0,0.0,0.0,0.0,0.0,0.0,0.0,37.0,23.0,331.0,14.39,3.0,0.0,0.0,3.0,0.0,0.0,51.0,74.1,77.1,62.6,0.0,89.0,0.0,0.0,0.0,0.0,0.0,0.0,0.0,0.0,0.0,0.0,0.0,0.0,0.0,0.0,0.0,0.0,0.0,0.0,0.0,0.0,0.0,0.0,0.0,0.0,0.0,4.0,3.0,75.0,15.0,2.0,6.3,2.0,2.0,100.0,5.0,2.0,5.6,-16.5
J.J. Taylor,218.0,RB67,211.0,384.0,NWE,RB,23.0,5.0,0.0,0.0,0.0,0.0,0.0,0.0,19.0,37.0,1.95,2.0,4.0,4.0,8.0,2.0,0.0,1.0,1.0,2.0,0.0,0.0,15.0,18.5,19.5,16.5,0.0,112.0,0.0,0.0,0.0,0.0,0.0,0.0,0.0,0.0,0.0,0.0,0.0,0.0,0.0,5.0,3.0,2.0,5.3,3.0,2.0,2.0,5.8,3.0,2.0,2.0,12.0,0.0,0.0,0.0,0.0,0.0,0.0,0.0,0.0,0.0,0.0,0.0,0.0,-173.0
Allen Lazard,219.0,WR74,212.5,122.0,GNB,WR,26.0,15.0,13.0,0.0,0.0,0.0,0.0,0.0,3.0,32.0,10.67,0.0,60.0,40.0,513.0,12.83,8.0,0.0,0.0,8.0,0.0,0.0,103.0,142.5,145.5,122.5,0.0,44.0,0.0,0.0,0.0,0.0,0.0,0.0,0.0,0.0,0.0,0.0,0.0,0.0,0.0,0.0,0.0,0.0,0.0,0.0,0.0,0.0,0.0,0.0,0.0,0.0,0.0,15.0,7.0,46.67,39.0,5.0,12.7,5.0,4.0,80.0,14.0,4.0,9.8,90.5
Christian Kirk,220.0,WR75,213.5,68.0,ARI,WR,25.0,17.0,11.0,1.0,1.0,33.0,0.0,0.0,1.0,11.0,11.0,0.0,103.0,77.0,982.0,12.75,5.0,0.0,0.0,5.0,0.0,0.0,131.0,207.6,210.6,169.1,8.0,28.0,68.0,0.0,0.0,0.0,0.0,0.0,0.0,0.0,0.0,0.0,0.0,0.0,0.0,0.0,0.0,0.0,0.0,0.0,0.0,0.0,0.0,0.0,0.0,0.0,0.0,10.0,6.0,60.0,42.0,2.0,12.5,6.0,3.0,50.0,14.0,1.0,15.4,145.5
Emmanuel Sanders,223.0,WR76,218.0,143.0,BUF,WR,34.0,14.0,13.0,0.0,0.0,0.0,0.0,0.0,2.0,31.0,15.5,0.0,72.0,42.0,626.0,14.9,4.0,0.0,0.0,4.0,0.0,0.0,90.0,131.7,134.7,110.7,0.0,50.0,0.0,0.0,0.0,0.0,0.0,0.0,0.0,0.0,0.0,0.0,0.0,0.0,0.0,0.0,0.0,0.0,0.0,0.0,0.0,0.0,0.0,0.0,0.0,0.0,0.0,10.0,4.0,40.0,33.0,2.0,8.3,6.0,2.0,33.33,13.0,2.0,11.3,75.0
Kadarius Toney,225.0,WR77,218.5,253.0,NYG,WR,22.0,10.0,4.0,1.0,3.0,19.0,0.0,0.0,3.0,6.0,2.0,0.0,57.0,39.0,420.0,10.77,0.0,0.0,0.0,0.0,0.0,0.0,43.0,82.4,85.4,62.9,0.0,102.0,0.0,0.0,0.0,0.0,0.0,0.0,0.0,0.0,0.0,0.0,0.0,0.0,0.0,1.0,7.0,0.0,2.2,1.0,7.0,0.0,4.3,0.0,0.0,0.0,0.0,5.0,1.0,20.0,6.0,0.0,8.9,2.0,0.0,0.0,0.0,0.0,7.1,-34.5
Salvon Ahmed,227.0,RB68,220.5,318.0,MIA,RB,23.0,12.0,0.0,0.0,0.0,0.0,0.0,0.0,54.0,149.0,2.76,0.0,19.0,12.0,117.0,9.75,0.0,0.0,0.0,0.0,0.0,0.0,27.0,38.6,44.6,32.6,0.0,91.0,0.0,0.0,0.0,0.0,0.0,0.0,0.0,0.0,0.0,0.0,0.0,0.0,0.0,3.0,17.0,0.0,4.4,1.0,3.0,0.0,2.3,0.0,0.0,0.0,0.0,3.0,1.0,33.33,9.0,0.0,4.1,0.0,0.0,0.0,0.0,0.0,0.0,-97.5
Blake Jarwin,230.0,TE23,222.5,344.0,DAL,TE,27.0,8.0,5.0,0.0,0.0,0.0,0.0,0.0,0.0,0.0,0.0,0.0,17.0,11.0,96.0,8.73,2.0,0.0,0.0,2.0,0.0,0.0,22.0,32.6,32.6,27.1,0.0,57.0,0.0,0.0,0.0,0.0,0.0,0.0,0.0,0.0,0.0,0.0,0.0,0.0,0.0,0.0,0.0,0.0,0.0,0.0,0.0,0.0,0.0,0.0,0.0,0.0,0.0,6.0,3.0,50.0,25.0,2.0,5.9,3.0,1.0,33.33,1.0,1.0,8.3,-121.5
Cole Kmet,231.0,TE24,223.0,197.0,CHI,TE,22.0,17.0,17.0,0.0,0.0,0.0,0.0,0.0,1.0,0.0,0.0,0.0,93.0,60.0,612.0,10.2,0.0,0.0,0.0,0.0,0.0,0.0,61.0,121.2,124.2,91.2,0.0,22.0,0.0,0.0,0.0,0.0,0.0,0.0,0.0,0.0,0.0,0.0,0.0,0.0,0.0,1.0,0.0,0.0,1.2,1.0,0.0,0.0,2.1,1.0,0.0,0.0,4.8,12.0,5.0,41.67,36.0,0.0,21.1,4.0,0.0,0.0,0.0,0.0,15.4,26.0
Adam Trautman,232.0,TE25,226.0,288.0,NOR,TE,24.0,13.0,10.0,0.0,0.0,0.0,0.0,0.0,0.0,0.0,0.0,0.0,43.0,27.0,263.0,9.74,2.0,1.0,1.0,2.0,0.0,0.0,36.0,63.3,67.3,49.8,0.0,42.0,0.0,0.0,0.0,0.0,0.0,0.0,0.0,0.0,0.0,0.0,0.0,0.0,0.0,0.0,0.0,0.0,0.0,0.0,0.0,0.0,0.0,0.0,0.0,0.0,0.0,8.0,4.0,50.0,38.0,2.0,12.9,3.0,1.0,33.33,-1.0,0.0,11.5,-62.0
Carson Wentz,233.0,QB28,250.0,79.0,IND,QB,29.0,17.0,17.0,322.0,516.0,3563.0,27.0,7.0,57.0,215.0,3.77,1.0,0.0,0.0,0.0,0.0,0.0,8.0,5.0,1.0,0.0,2.0,258.0,258.0,276.0,265.0,0.0,13.0,0.0,38.0,67.0,56.72,246.0,19.0,1.0,20.0,38.0,52.63,87.0,12.0,1.0,9.0,15.0,1.0,8.5,7.0,3.0,1.0,13.5,3.0,1.0,1.0,9.7,0.0,0.0,0.0,0.0,0.0,0.0,0.0,0.0,0.0,0.0,0.0,0.0,171.0
Anthony McFarland Jr.,235.0,RB71,176.0,557.0,PIT,RB,22.0,2.0,0.0,0.0,0.0,0.0,0.0,0.0,3.0,3.0,1.0,0.0,1.0,1.0,11.0,11.0,0.0,0.0,0.0,0.0,0.0,0.0,1.0,2.4,2.4,1.9,0.0,152.0,0.0,0.0,0.0,0.0,0.0,0.0,0.0,0.0,0.0,0.0,0.0,0.0,0.0,0.0,0.0,0.0,0.0,0.0,0.0,0.0,0.0,0.0,0.0,0.0,0.0,0.0,0.0,0.0,0.0,0.0,0.0,0.0,0.0,0.0,0.0,0.0,0.0,-381.0
Tre'Quan Smith,236.0,WR78,230.5,213.0,NOR,WR,25.0,11.0,6.0,0.0,0.0,0.0,0.0,0.0,0.0,0.0,0.0,0.0,50.0,32.0,377.0,11.78,3.0,1.0,0.0,3.0,0.0,0.0,56.0,87.7,90.7,71.7,0.0,84.0,0.0,0.0,0.0,0.0,0.0,0.0,0.0,0.0,0.0,0.0,0.0,0.0,0.0,0.0,0.0,0.0,0.0,0.0,0.0,0.0,0.0,0.0,0.0,0.0,0.0,8.0,4.0,50.0,42.0,3.0,12.9,4.0,1.0,25.0,2.0,0.0,15.4,17.5
Cordarrelle Patterson,237.0,RB72,230.5,36.0,ATL,RB,30.0,16.0,13.0,0.0,1.0,0.0,0.0,0.0,153.0,618.0,4.04,6.0,69.0,52.0,548.0,10.54,5.0,2.0,0.0,11.0,0.0,0.0,183.0,234.6,240.6,208.6,34.0,12.0,36.0,0.0,0.0,0.0,0.0,0.0,0.0,0.0,0.0,0.0,0.0,0.0,0.0,31.0,116.0,6.0,46.3,13.0,27.0,5.0,40.6,5.0,3.0,1.0,45.5,12.0,9.0,75.0,86.0,4.0,15.4,2.0,1.0,50.0,7.0,1.0,5.7,194.5
Justin Jackson,238.0,RB73,231.5,191.0,LAC,RB,25.0,14.0,2.0,0.0,0.0,0.0,0.0,0.0,68.0,364.0,5.35,2.0,25.0,22.0,178.0,8.09,0.0,1.0,1.0,2.0,0.0,0.0,64.0,86.2,93.2,75.2,0.0,60.0,0.0,0.0,0.0,0.0,0.0,0.0,0.0,0.0,0.0,0.0,0.0,0.0,0.0,19.0,79.0,2.0,19.0,8.0,23.0,1.0,15.4,2.0,2.0,0.0,8.7,3.0,3.0,100.0,10.0,0.0,3.1,1.0,1.0,100.0,0.0,0.0,2.0,40.5
O.J. Howard,239.0,TE26,183.0,351.0,TAM,TE,27.0,17.0,9.0,0.0,0.0,0.0,0.0,0.0,0.0,0.0,0.0,0.0,21.0,14.0,135.0,9.64,1.0,0.0,0.0,1.0,0.0,0.0,20.0,33.5,36.5,26.5,0.0,60.0,0.0,0.0,0.0,0.0,0.0,0.0,0.0,0.0,0.0,0.0,0.0,0.0,0.0,0.0,0.0,0.0,0.0,0.0,0.0,0.0,0.0,0.0,0.0,0.0,0.0,3.0,2.0,66.67,5.0,1.0,2.3,2.0,1.0,50.0,2.0,1.0,3.2,-168.0
Tyrell Williams,241.0,WR80,233.5,570.0,DET,WR,29.0,1.0,1.0,0.0,0.0,0.0,0.0,0.0,0.0,0.0,0.0,0.0,3.0,2.0,14.0,7.0,0.0,0.0,0.0,0.0,0.0,0.0,1.0,3.4,3.4,2.4,0.0,213.0,0.0,0.0,0.0,0.0,0.0,0.0,0.0,0.0,0.0,0.0,0.0,0.0,0.0,0.0,0.0,0.0,0.0,0.0,0.0,0.0,0.0,0.0,0.0,0.0,0.0,1.0,1.0,100.0,7.0,0.0,1.7,0.0,0.0,0.0,0.0,0.0,0.0,-336.5
Boston Scott,244.0,RB75,236.5,149.0,PHI,RB,26.0,16.0,4.0,0.0,0.0,0.0,0.0,0.0,87.0,373.0,4.29,7.0,16.0,13.0,83.0,6.38,0.0,1.0,1.0,7.0,0.0,0.0,86.0,98.6,102.6,92.1,0.0,47.0,0.0,0.0,0.0,0.0,0.0,0.0,0.0,0.0,0.0,0.0,0.0,0.0,0.0,19.0,52.0,7.0,18.3,16.0,28.0,7.0,22.9,10.0,16.0,7.0,27.8,1.0,0.0,0.0,0.0,0.0,1.7,1.0,0.0,0.0,0.0,0.0,3.7,87.5
Taysom Hill,245.0,TE27,193.0,106.0,NOR,QB,31.0,12.0,9.0,78.0,134.0,978.0,4.0,5.0,70.0,374.0,5.34,5.0,6.0,4.0,52.0,13.0,0.0,2.0,0.0,5.0,0.0,0.0,118.0,121.7,132.7,124.7,0.0,32.0,0.0,7.0,13.0,53.85,46.0,2.0,0.0,2.0,3.0,66.67,5.0,0.0,0.0,14.0,65.0,4.0,18.4,7.0,30.0,4.0,22.6,3.0,5.0,2.0,20.0,0.0,0.0,0.0,0.0,0.0,0.0,0.0,0.0,0.0,0.0,0.0,0.0,87.0
Jordan Akins,246.0,TE28,194.0,359.0,HOU,TE,29.0,13.0,3.0,0.0,0.0,0.0,0.0,0.0,1.0,3.0,3.0,0.0,33.0,24.0,214.0,8.92,0.0,2.0,2.0,0.0,0.0,0.0,18.0,41.7,46.7,29.7,0.0,63.0,0.0,0.0,0.0,0.0,0.0,0.0,0.0,0.0,0.0,0.0,0.0,0.0,0.0,0.0,0.0,0.0,0.0,0.0,0.0,0.0,0.0,0.0,0.0,0.0,0.0,5.0,1.0,20.0,3.0,0.0,10.6,3.0,1.0,33.33,3.0,0.0,12.5,-165.0
Jaret Patterson,247.0,RB76,197.0,241.0,WAS,RB,22.0,17.0,1.0,0.0,0.0,0.0,0.0,0.0,68.0,266.0,3.91,2.0,11.0,10.0,73.0,7.3,0.0,1.0,0.0,2.0,0.0,0.0,46.0,55.9,58.9,50.9,0.0,69.0,0.0,0.0,0.0,0.0,0.0,0.0,0.0,0.0,0.0,0.0,0.0,0.0,0.0,6.0,22.0,2.0,8.1,2.0,4.0,1.0,4.5,1.0,1.0,1.0,4.5,0.0,0.0,0.0,0.0,0.0,0.0,0.0,0.0,0.0,0.0,0.0,0.0,-44.0
Elijah Mitchell,248.0,RB77,199.0,76.0,SFO,RB,23.0,11.0,10.0,0.0,0.0,0.0,0.0,0.0,207.0,963.0,4.65,5.0,20.0,19.0,137.0,7.21,1.0,0.0,0.0,6.0,0.0,0.0,146.0,165.0,171.0,155.5,0.0,24.0,76.0,0.0,0.0,0.0,0.0,0.0,0.0,0.0,0.0,0.0,0.0,0.0,0.0,25.0,83.0,5.0,39.1,12.0,29.0,4.0,30.8,5.0,9.0,3.0,33.3,1.0,1.0,100.0,8.0,1.0,1.7,1.0,1.0,100.0,8.0,1.0,3.3,123.0
Parris Campbell,249.0,WR81,240.5,343.0,IND,WR,24.0,6.0,3.0,0.0,0.0,0.0,0.0,0.0,0.0,0.0,0.0,0.0,20.0,10.0,162.0,16.2,1.0,0.0,0.0,1.0,0.0,0.0,22.0,32.2,35.2,27.2,0.0,137.0,0.0,0.0,0.0,0.0,0.0,0.0,0.0,0.0,0.0,0.0,0.0,0.0,0.0,0.0,0.0,0.0,0.0,0.0,0.0,0.0,0.0,0.0,0.0,0.0,0.0,0.0,0.0,0.0,0.0,0.0,0.0,0.0,0.0,0.0,0.0,0.0,0.0,-102.5
Nico Collins,250.0,WR82,201.0,225.0,HOU,WR,22.0,14.0,8.0,0.0,0.0,0.0,0.0,0.0,0.0,0.0,0.0,0.0,60.0,33.0,446.0,13.52,1.0,0.0,0.0,1.0,0.0,0.0,51.0,83.6,86.6,67.1,0.0,91.0,0.0,0.0,0.0,0.0,0.0,0.0,0.0,0.0,0.0,0.0,0.0,0.0,0.0,0.0,0.0,0.0,0.0,0.0,0.0,0.0,0.0,0.0,0.0,0.0,0.0,6.0,1.0,16.67,13.0,1.0,12.8,5.0,0.0,0.0,0.0,0.0,20.8,-24.0
Donovan Peoples-Jones,251.0,WR83,203.0,174.0,CLE,WR,22.0,14.0,9.0,0.0,0.0,0.0,0.0,0.0,0.0,0.0,0.0,0.0,58.0,34.0,597.0,17.56,3.0,2.0,1.0,3.0,0.0,0.0,76.0,109.7,113.7,92.7,0.0,60.0,0.0,0.0,0.0,0.0,0.0,0.0,0.0,0.0,0.0,0.0,0.0,0.0,0.0,0.0,0.0,0.0,0.0,0.0,0.0,0.0,0.0,0.0,0.0,0.0,0.0,3.0,1.0,33.33,11.0,1.0,5.4,2.0,0.0,0.0,0.0,0.0,7.1,29.0
Benny Snell Jr.,253.0,RB78,209.0,417.0,PIT,RB,23.0,17.0,0.0,0.0,0.0,0.0,0.0,0.0,36.0,98.0,2.72,0.0,4.0,2.0,13.0,6.5,0.0,0.0,0.0,0.0,0.0,0.0,11.0,13.1,13.1,12.1,0.0,118.0,0.0,0.0,0.0,0.0,0.0,0.0,0.0,0.0,0.0,0.0,0.0,0.0,0.0,0.0,0.0,0.0,0.0,0.0,0.0,0.0,0.0,0.0,0.0,0.0,0.0,0.0,0.0,0.0,0.0,0.0,0.0,0.0,0.0,0.0,0.0,0.0,0.0,-208.0
Brian Hill,255.0,RB80,211.0,617.0,SFO,0,26.0,3.0,0.0,0.0,0.0,0.0,0.0,0.0,0.0,0.0,0.0,0.0,0.0,0.0,0.0,0.0,0.0,0.0,0.0,0.0,0.0,0.0,0.0,0.0,0.0,0.0,0.0,171.0,0.0,0.0,0.0,0.0,0.0,0.0,0.0,0.0,0.0,0.0,0.0,0.0,0.0,0.0,0.0,0.0,0.0,0.0,0.0,0.0,0.0,0.0,0.0,0.0,0.0,0.0,0.0,0.0,0.0,0.0,0.0,0.0,0.0,0.0,0.0,0.0,0.0,-406.0
Daniel Jones,256.0,QB29,246.5,93.0,NYG,QB,24.0,11.0,11.0,232.0,361.0,2428.0,10.0,7.0,62.0,298.0,4.81,2.0,1.0,1.0,16.0,16.0,0.0,7.0,3.0,2.0,2.0,1.0,167.0,167.5,183.5,174.0,0.0,27.0,0.0,16.0,42.0,38.1,70.0,5.0,0.0,9.0,19.0,47.37,26.0,5.0,0.0,13.0,48.0,2.0,28.9,5.0,17.0,2.0,21.7,2.0,4.0,1.0,18.2,0.0,0.0,0.0,0.0,0.0,0.0,0.0,0.0,0.0,0.0,0.0,0.0,153.5
Eric Ebron,258.0,TE29,248.0,347.0,PIT,TE,28.0,8.0,3.0,0.0,0.0,0.0,0.0,0.0,1.0,1.0,1.0,1.0,18.0,12.0,84.0,7.0,1.0,0.0,0.0,2.0,0.0,0.0,21.0,32.5,32.5,26.5,0.0,59.0,0.0,0.0,0.0,0.0,0.0,0.0,0.0,0.0,0.0,0.0,0.0,0.0,0.0,1.0,1.0,1.0,2.4,1.0,1.0,1.0,4.3,1.0,1.0,1.0,6.7,3.0,1.0,33.33,5.0,1.0,3.1,2.0,1.0,50.0,5.0,1.0,4.5,-99.0
Joshua Kelley,259.0,RB81,218.0,403.0,LAC,RB,24.0,10.0,0.0,0.0,0.0,0.0,0.0,0.0,33.0,102.0,3.09,0.0,6.0,5.0,38.0,7.6,0.0,1.0,1.0,0.0,0.0,0.0,12.0,17.0,21.0,14.5,0.0,115.0,0.0,0.0,0.0,0.0,0.0,0.0,0.0,0.0,0.0,0.0,0.0,0.0,0.0,5.0,13.0,0.0,5.0,3.0,5.0,0.0,5.8,2.0,2.0,0.0,8.7,1.0,0.0,0.0,0.0,0.0,1.0,0.0,0.0,0.0,0.0,0.0,0.0,-185.0
Chris Herndon,263.0,TE30,225.0,424.0,MIN,TE,25.0,16.0,5.0,0.0,0.0,0.0,0.0,0.0,0.0,0.0,0.0,0.0,7.0,4.0,40.0,10.0,1.0,0.0,0.0,1.0,0.0,0.0,10.0,14.0,14.0,12.0,0.0,78.0,0.0,0.0,0.0,0.0,0.0,0.0,0.0,0.0,0.0,0.0,0.0,0.0,0.0,0.0,0.0,0.0,0.0,0.0,0.0,0.0,0.0,0.0,0.0,0.0,0.0,1.0,1.0,100.0,2.0,1.0,1.4,1.0,1.0,100.0,2.0,1.0,3.1,-199.0
Darius Slayton,264.0,WR84,226.0,252.0,NYG,WR,24.0,13.0,5.0,0.0,0.0,0.0,0.0,0.0,1.0,-13.0,-13.0,0.0,58.0,26.0,339.0,13.04,2.0,1.0,1.0,2.0,0.0,0.0,43.0,68.6,72.6,55.6,0.0,104.0,0.0,0.0,0.0,0.0,0.0,0.0,0.0,0.0,0.0,0.0,0.0,0.0,0.0,0.0,0.0,0.0,0.0,0.0,0.0,0.0,0.0,0.0,0.0,0.0,0.0,2.0,0.0,0.0,0.0,0.0,3.6,0.0,0.0,0.0,0.0,0.0,0.0,-26.0
Sam Darnold,265.0,QB30,255.0,94.0,CAR,QB,24.0,12.0,11.0,243.0,406.0,2527.0,9.0,13.0,48.0,222.0,4.63,5.0,0.0,0.0,0.0,0.0,0.0,9.0,4.0,5.0,0.0,1.0,157.0,157.3,180.3,170.3,0.0,28.0,0.0,22.0,41.0,53.66,136.0,7.0,1.0,10.0,21.0,47.62,46.0,6.0,0.0,9.0,35.0,5.0,12.9,6.0,12.0,4.0,16.2,4.0,2.0,2.0,26.7,0.0,0.0,0.0,0.0,0.0,0.0,0.0,0.0,0.0,0.0,0.0,0.0,161.0
Juwan Johnson,266.0,TE31,234.0,264.0,NOR,TE,25.0,14.0,2.0,0.0,0.0,0.0,0.0,0.0,0.0,0.0,0.0,0.0,22.0,13.0,159.0,12.23,4.0,0.0,0.0,4.0,0.0,0.0,40.0,52.9,55.9,46.4,0.0,33.0,0.0,0.0,0.0,0.0,0.0,0.0,0.0,0.0,0.0,0.0,0.0,0.0,0.0,0.0,0.0,0.0,0.0,0.0,0.0,0.0,0.0,0.0,0.0,0.0,0.0,7.0,5.0,71.43,33.0,4.0,11.3,3.0,3.0,100.0,14.0,3.0,11.5,-30.0
Jerick McKinnon,267.0,RB83,270.5,337.0,KAN,RB,29.0,13.0,0.0,0.0,0.0,0.0,0.0,0.0,12.0,62.0,5.17,0.0,20.0,13.0,107.0,8.23,1.0,0.0,0.0,1.0,0.0,0.0,23.0,35.9,38.9,29.4,0.0,96.0,0.0,0.0,0.0,0.0,0.0,0.0,0.0,0.0,0.0,0.0,0.0,0.0,0.0,9.0,18.0,0.0,9.7,4.0,-1.0,0.0,7.7,0.0,0.0,0.0,0.0,7.0,6.0,85.71,48.0,2.0,6.0,2.0,2.0,100.0,9.0,1.0,3.3,-66.5
Byron Pringle,268.0,WR85,239.0,154.0,KAN,WR,28.0,17.0,5.0,0.0,0.0,0.0,0.0,0.0,0.0,0.0,0.0,0.0,60.0,42.0,568.0,13.52,5.0,2.0,1.0,5.0,0.0,0.0,85.0,126.8,130.8,105.8,0.0,53.0,0.0,0.0,0.0,0.0,0.0,0.0,0.0,0.0,0.0,0.0,0.0,0.0,0.0,0.0,0.0,0.0,0.0,0.0,0.0,0.0,0.0,0.0,0.0,0.0,0.0,10.0,8.0,80.0,50.0,6.0,8.5,5.0,4.0,80.0,14.0,4.0,8.3,85.0
Sammy Watkins,269.0,WR86,261.0,254.0,BAL,WR,28.0,13.0,9.0,0.0,0.0,0.0,0.0,0.0,0.0,0.0,0.0,0.0,49.0,27.0,394.0,14.59,1.0,1.0,1.0,1.0,0.0,0.0,43.0,70.4,74.4,56.9,0.0,101.0,0.0,0.0,0.0,0.0,0.0,0.0,0.0,0.0,0.0,0.0,0.0,0.0,0.0,0.0,0.0,0.0,0.0,0.0,0.0,0.0,0.0,0.0,0.0,0.0,0.0,4.0,3.0,75.0,16.0,1.0,5.5,1.0,1.0,100.0,6.0,1.0,2.9,7.0
Hayden Hurst,271.0,TE33,245.0,276.0,ATL,TE,28.0,13.0,5.0,0.0,0.0,0.0,0.0,0.0,0.0,0.0,0.0,0.0,31.0,26.0,221.0,8.5,3.0,3.0,1.0,3.0,0.0,0.0,38.0,64.1,68.1,51.1,0.0,39.0,0.0,0.0,0.0,0.0,0.0,0.0,0.0,0.0,0.0,0.0,0.0,0.0,0.0,0.0,0.0,0.0,0.0,0.0,0.0,0.0,0.0,0.0,0.0,0.0,0.0,7.0,6.0,85.71,62.0,3.0,9.0,1.0,1.0,100.0,3.0,1.0,2.9,-31.0
Dawson Knox,272.0,TE34,247.0,50.0,BUF,TE,25.0,15.0,14.0,0.0,0.0,0.0,0.0,0.0,0.0,4.0,0.0,0.0,71.0,49.0,587.0,11.98,9.0,0.0,0.0,9.0,0.0,1.0,115.0,164.1,167.1,139.6,22.0,6.0,50.0,0.0,0.0,0.0,0.0,0.0,0.0,0.0,0.0,0.0,0.0,0.0,0.0,0.0,0.0,0.0,0.0,0.0,0.0,0.0,0.0,0.0,0.0,0.0,0.0,20.0,13.0,65.0,86.0,8.0,16.5,11.0,8.0,72.73,36.0,5.0,20.8,197.0
Jimmy Graham,273.0,TE35,249.0,279.0,CHI,TE,35.0,15.0,6.0,0.0,0.0,0.0,0.0,0.0,0.0,0.0,0.0,0.0,23.0,14.0,167.0,11.93,3.0,0.0,0.0,3.0,1.0,0.0,37.0,50.7,53.7,43.7,0.0,40.0,0.0,0.0,0.0,0.0,0.0,0.0,0.0,0.0,0.0,0.0,0.0,0.0,0.0,0.0,0.0,0.0,0.0,0.0,0.0,0.0,0.0,0.0,0.0,0.0,0.0,8.0,4.0,50.0,44.0,3.0,14.0,4.0,1.0,25.0,1.0,1.0,15.4,-30.0
John Brown,275.0,WR87,280.5,588.0,3TM,0,31.0,4.0,0.0,0.0,0.0,0.0,0.0,0.0,0.0,0.0,0.0,0.0,3.0,0.0,0.0,0.0,0.0,0.0,0.0,0.0,0.0,0.0,0.0,0.0,0.0,0.0,0.0,229.0,0.0,0.0,0.0,0.0,0.0,0.0,0.0,0.0,0.0,0.0,0.0,0.0,0.0,0.0,0.0,0.0,0.0,0.0,0.0,0.0,0.0,0.0,0.0,0.0,0.0,0.0,0.0,0.0,0.0,0.0,0.0,0.0,0.0,0.0,0.0,0.0,0.0,-307.5
Drew Lock,286.0,QB33,259.0,227.0,DEN,QB,25.0,6.0,3.0,67.0,111.0,787.0,2.0,2.0,10.0,53.0,5.3,2.0,1.0,1.0,1.0,1.0,0.0,2.0,1.0,2.0,0.0,0.0,51.0,51.9,57.9,53.4,0.0,42.0,0.0,4.0,9.0,44.44,18.0,1.0,1.0,3.0,6.0,50.0,9.0,1.0,1.0,2.0,3.0,1.0,2.5,2.0,3.0,1.0,4.3,0.0,0.0,0.0,0.0,1.0,1.0,100.0,1.0,0.0,1.7,1.0,1.0,100.0,1.0,0.0,3.1,32.0
Breshad Perriman,288.0,WR89,260.0,346.0,TAM,WR,28.0,6.0,0.0,0.0,0.0,0.0,0.0,0.0,1.0,-3.0,-3.0,0.0,18.0,11.0,167.0,15.18,1.0,0.0,0.0,1.0,0.0,0.0,22.0,33.4,36.4,27.9,0.0,136.0,0.0,0.0,0.0,0.0,0.0,0.0,0.0,0.0,0.0,0.0,0.0,0.0,0.0,0.0,0.0,0.0,0.0,0.0,0.0,0.0,0.0,0.0,0.0,0.0,0.0,3.0,2.0,66.67,5.0,0.0,2.3,1.0,0.0,0.0,0.0,0.0,1.6,-86.0
La'Mical Perine,290.0,RB87,261.0,505.0,NYJ,RB,23.0,4.0,0.0,0.0,0.0,0.0,0.0,0.0,8.0,31.0,3.88,0.0,0.0,0.0,0.0,0.0,0.0,0.0,0.0,0.0,0.0,0.0,3.0,3.1,3.1,3.1,0.0,137.0,0.0,0.0,0.0,0.0,0.0,0.0,0.0,0.0,0.0,0.0,0.0,0.0,0.0,0.0,0.0,0.0,0.0,0.0,0.0,0.0,0.0,0.0,0.0,0.0,0.0,0.0,0.0,0.0,0.0,0.0,0.0,0.0,0.0,0.0,0.0,0.0,0.0,-244.0
Qadree Ollison,293.0,RB88,263.0,376.0,ATL,RB,25.0,8.0,0.0,0.0,0.0,0.0,0.0,0.0,21.0,105.0,5.0,1.0,6.0,4.0,12.0,3.0,0.0,1.0,1.0,1.0,0.0,0.0,16.0,19.7,23.7,17.7,0.0,108.0,0.0,0.0,0.0,0.0,0.0,0.0,0.0,0.0,0.0,0.0,0.0,0.0,0.0,3.0,24.0,1.0,4.5,0.0,0.0,0.0,0.0,0.0,0.0,0.0,0.0,2.0,1.0,50.0,4.0,0.0,2.6,2.0,1.0,50.0,4.0,0.0,5.7,-113.0
Tyler Davis,295.0,WR94,265.0,477.0,GNB,TE,24.0,14.0,0.0,0.0,0.0,0.0,0.0,0.0,0.0,0.0,0.0,0.0,5.0,4.0,35.0,8.75,0.0,0.0,0.0,0.0,0.0,0.0,4.0,7.5,7.5,5.5,0.0,94.0,0.0,0.0,0.0,0.0,0.0,0.0,0.0,0.0,0.0,0.0,0.0,0.0,0.0,0.0,0.0,0.0,0.0,0.0,0.0,0.0,0.0,0.0,0.0,0.0,0.0,2.0,1.0,50.0,0.0,0.0,1.7,0.0,0.0,0.0,0.0,0.0,0.0,-212.0
Dan Arnold,296.0,TE38,265.0,258.0,2TM,TE,26.0,11.0,4.0,0.0,0.0,0.0,0.0,0.0,0.0,0.0,0.0,0.0,52.0,35.0,408.0,11.66,0.0,1.0,1.0,0.0,1.0,0.0,41.0,75.8,79.8,58.3,0.0,32.0,0.0,0.0,0.0,0.0,0.0,0.0,0.0,0.0,0.0,0.0,0.0,0.0,0.0,0.0,0.0,0.0,0.0,0.0,0.0,0.0,0.0,0.0,0.0,0.0,0.0,4.0,2.0,50.0,26.0,0.0,0.0,1.0,0.0,0.0,0.0,0.0,0.0,7.0
Connor Davis,297.0,TE39,266.0,599.0,CLE,0,27.0,1.0,0.0,0.0,0.0,0.0,0.0,0.0,0.0,0.0,0.0,0.0,0.0,0.0,0.0,0.0,0.0,0.0,0.0,0.0,0.0,0.0,0.0,0.0,0.0,0.0,0.0,120.0,0.0,0.0,0.0,0.0,0.0,0.0,0.0,0.0,0.0,0.0,0.0,0.0,0.0,0.0,0.0,0.0,0.0,0.0,0.0,0.0,0.0,0.0,0.0,0.0,0.0,0.0,0.0,0.0,0.0,0.0,0.0,0.0,0.0,0.0,0.0,0.0,0.0,-333.0
Tyrod Taylor,298.0,QB35,267.0,165.0,HOU,QB,32.0,6.0,6.0,91.0,150.0,966.0,5.0,5.0,19.0,151.0,7.95,3.0,0.0,0.0,0.0,0.0,0.0,3.0,0.0,3.0,0.0,0.0,82.0,81.7,92.7,86.7,0.0,38.0,0.0,9.0,23.0,39.13,59.0,3.0,2.0,4.0,11.0,36.36,21.0,2.0,0.0,4.0,32.0,3.0,7.5,2.0,12.0,2.0,7.1,0.0,0.0,0.0,0.0,0.0,0.0,0.0,0.0,0.0,0.0,0.0,0.0,0.0,0.0,0.0,0.0,102.0
Josiah Deguara,299.0,TE40,267.0,277.0,GNB,TE,24.0,16.0,2.0,0.0,0.0,0.0,0.0,0.0,0.0,0.0,0.0,0.0,33.0,25.0,245.0,9.8,2.0,0.0,0.0,2.0,0.0,0.0,37.0,61.5,64.5,49.0,0.0,41.0,0.0,0.0,0.0,0.0,0.0,0.0,0.0,0.0,0.0,0.0,0.0,0.0,0.0,0.0,0.0,0.0,0.0,0.0,0.0,0.0,0.0,0.0,0.0,0.0,0.0,7.0,3.0,42.86,13.0,0.0,5.9,1.0,0.0,0.0,0.0,0.0,2.0,-10.0
Cam Newton,307.0,QB36,273.0,148.0,CAR,QB,32.0,8.0,5.0,69.0,126.0,684.0,4.0,5.0,47.0,230.0,4.89,5.0,0.0,0.0,0.0,0.0,0.0,4.0,1.0,5.0,0.0,1.0,86.0,86.4,98.4,91.4,0.0,35.0,0.0,3.0,7.0,42.86,12.0,2.0,0.0,3.0,5.0,60.0,12.0,2.0,0.0,8.0,36.0,4.0,11.4,5.0,11.0,3.0,13.5,4.0,9.0,3.0,26.7,0.0,0.0,0.0,0.0,0.0,0.0,0.0,0.0,0.0,0.0,0.0,0.0,125.0
Denzel Mims,309.0,WR98,274.0,394.0,NYJ,WR,24.0,11.0,3.0,0.0,0.0,0.0,0.0,0.0,0.0,0.0,0.0,0.0,23.0,8.0,133.0,16.63,0.0,0.0,0.0,0.0,0.0,0.0,13.0,21.3,24.3,17.3,0.0,153.0,0.0,0.0,0.0,0.0,0.0,0.0,0.0,0.0,0.0,0.0,0.0,0.0,0.0,0.0,0.0,0.0,0.0,0.0,0.0,0.0,0.0,0.0,0.0,0.0,0.0,2.0,0.0,0.0,0.0,0.0,3.3,2.0,0.0,0.0,0.0,0.0,8.7,-120.0
Willie Snead,311.0,WR99,275.0,486.0,2TM,WR,29.0,9.0,0.0,0.0,0.0,0.0,0.0,0.0,0.0,0.0,0.0,0.0,8.0,4.0,38.0,9.5,0.0,0.0,0.0,0.0,0.0,0.0,4.0,7.8,7.8,5.8,0.0,189.0,0.0,0.0,0.0,0.0,0.0,0.0,0.0,0.0,0.0,0.0,0.0,0.0,0.0,0.0,0.0,0.0,0.0,0.0,0.0,0.0,0.0,0.0,0.0,0.0,0.0,2.0,1.0,50.0,3.0,0.0,2.3,2.0,1.0,50.0,3.0,0.0,5.0,-211.0
Dalton Schultz,314.0,TE42,277.0,35.0,DAL,TE,25.0,17.0,15.0,0.0,0.0,0.0,0.0,0.0,0.0,0.0,0.0,0.0,104.0,78.0,808.0,10.36,8.0,0.0,0.0,8.0,1.0,0.0,131.0,208.8,211.8,169.8,37.0,3.0,35.0,0.0,0.0,0.0,0.0,0.0,0.0,0.0,0.0,0.0,0.0,0.0,0.0,0.0,0.0,0.0,0.0,0.0,0.0,0.0,0.0,0.0,0.0,0.0,0.0,14.0,9.0,64.29,71.0,6.0,13.9,7.0,5.0,71.43,27.0,5.0,19.4,242.0
Eno Benjamin,317.0,RB93,278.0,342.0,ARI,RB,22.0,9.0,0.0,0.0,0.0,0.0,0.0,0.0,34.0,118.0,3.47,1.0,7.0,6.0,42.0,7.0,0.0,0.0,0.0,1.0,0.0,0.0,22.0,28.0,31.0,25.0,0.0,98.0,0.0,0.0,0.0,0.0,0.0,0.0,0.0,0.0,0.0,0.0,0.0,0.0,0.0,3.0,3.0,0.0,3.0,1.0,-4.0,0.0,1.8,0.0,0.0,0.0,0.0,1.0,1.0,100.0,10.0,0.0,1.3,0.0,0.0,0.0,0.0,0.0,0.0,-64.0
Jeff Wilson,319.0,RB95,279.0,246.0,SFO,RB,26.0,9.0,4.0,0.0,0.0,0.0,0.0,0.0,79.0,294.0,3.72,2.0,8.0,7.0,31.0,4.43,0.0,1.0,0.0,2.0,0.0,0.0,45.0,51.5,54.5,48.0,0.0,73.0,0.0,0.0,0.0,0.0,0.0,0.0,0.0,0.0,0.0,0.0,0.0,0.0,0.0,9.0,18.0,2.0,14.1,6.0,9.0,2.0,15.4,3.0,-1.0,1.0,20.0,3.0,2.0,66.67,1.0,0.0,5.0,2.0,1.0,50.0,3.0,0.0,6.7,33.0
DeSean Jackson,323.0,WR103,282.0,211.0,2TM,WR,35.0,16.0,4.0,0.0,0.0,0.0,0.0,0.0,1.0,4.0,4.0,0.0,34.0,20.0,454.0,22.7,2.0,1.0,1.0,2.0,0.0,0.0,56.0,75.8,79.8,65.8,0.0,83.0,0.0,0.0,0.0,0.0,0.0,0.0,0.0,0.0,0.0,0.0,0.0,0.0,0.0,0.0,0.0,0.0,0.0,0.0,0.0,0.0,0.0,0.0,0.0,0.0,0.0,1.0,0.0,0.0,0.0,0.0,1.1,1.0,0.0,0.0,0.0,0.0,2.5,71.0
Royce Freeman,324.0,RB96,284.0,325.0,2TM,RB,25.0,15.0,0.0,0.0,0.0,0.0,0.0,0.0,56.0,169.0,3.02,0.0,16.0,10.0,77.0,7.7,0.0,0.0,0.0,0.0,0.0,0.0,25.0,34.6,37.6,29.6,0.0,94.0,0.0,0.0,0.0,0.0,0.0,0.0,0.0,0.0,0.0,0.0,0.0,0.0,0.0,6.0,16.0,0.0,0.0,1.0,0.0,0.0,0.0,1.0,0.0,0.0,0.0,0.0,0.0,0.0,0.0,0.0,0.0,0.0,0.0,0.0,0.0,0.0,0.0,-41.0
Keke Coutee,326.0,WR104,288.0,543.0,IND,WR,24.0,2.0,0.0,0.0,0.0,0.0,0.0,0.0,0.0,0.0,0.0,0.0,1.0,1.0,5.0,5.0,0.0,0.0,0.0,0.0,0.0,0.0,1.0,1.5,1.5,1.0,0.0,222.0,0.0,0.0,0.0,0.0,0.0,0.0,0.0,0.0,0.0,0.0,0.0,0.0,0.0,0.0,0.0,0.0,0.0,0.0,0.0,0.0,0.0,0.0,0.0,0.0,0.0,0.0,0.0,0.0,0.0,0.0,0.0,0.0,0.0,0.0,0.0,0.0,0.0,-255.0
Jared Goff,327.0,QB40,289.0,90.0,DET,QB,27.0,14.0,14.0,332.0,494.0,3245.0,19.0,8.0,17.0,87.0,5.12,0.0,0.0,0.0,0.0,0.0,0.0,9.0,6.0,0.0,0.0,4.0,195.0,194.5,211.5,202.5,0.0,24.0,0.0,25.0,55.0,45.45,181.0,11.0,1.0,12.0,21.0,57.14,60.0,9.0,0.0,3.0,-1.0,0.0,5.7,3.0,-1.0,0.0,10.3,1.0,-3.0,0.0,9.1,0.0,0.0,0.0,0.0,0.0,0.0,0.0,0.0,0.0,0.0,0.0,0.0,199.0
Mo Alie-Cox,328.0,TE43,290.0,210.0,IND,TE,28.0,17.0,7.0,0.0,0.0,0.0,0.0,0.0,0.0,0.0,0.0,0.0,45.0,24.0,316.0,13.17,4.0,1.0,0.0,4.0,0.0,0.0,56.0,79.6,82.6,67.6,0.0,24.0,0.0,0.0,0.0,0.0,0.0,0.0,0.0,0.0,0.0,0.0,0.0,0.0,0.0,0.0,0.0,0.0,0.0,0.0,0.0,0.0,0.0,0.0,0.0,0.0,0.0,9.0,5.0,55.56,29.0,3.0,14.3,4.0,2.0,50.0,3.0,1.0,11.1,80.0
Teddy Bridgewater,329.0,QB41,291.0,88.0,DEN,QB,29.0,14.0,14.0,285.0,426.0,3052.0,18.0,7.0,30.0,106.0,3.53,2.0,0.0,0.0,0.0,0.0,0.0,1.0,1.0,2.0,0.0,1.0,203.0,202.7,216.7,209.7,0.0,22.0,0.0,32.0,53.0,60.38,230.0,15.0,1.0,14.0,27.0,51.85,68.0,10.0,1.0,10.0,35.0,2.0,12.3,3.0,-1.0,1.0,6.4,2.0,0.0,1.0,10.0,0.0,0.0,0.0,0.0,0.0,0.0,0.0,0.0,0.0,0.0,0.0,0.0,203.0
Olamide Zaccheaus,330.0,WR105,292.0,204.0,ATL,WR,24.0,17.0,8.0,0.0,0.0,0.0,0.0,0.0,1.0,2.0,2.0,0.0,53.0,31.0,406.0,13.1,3.0,0.0,0.0,3.0,0.0,0.0,59.0,89.8,92.8,74.3,0.0,77.0,0.0,0.0,0.0,0.0,0.0,0.0,0.0,0.0,0.0,0.0,0.0,0.0,0.0,0.0,0.0,0.0,0.0,0.0,0.0,0.0,0.0,0.0,0.0,0.0,0.0,8.0,5.0,62.5,22.0,3.0,10.3,5.0,3.0,60.0,13.0,3.0,14.3,88.0
Jalen Richard,331.0,RB97,294.0,413.0,LVR,RB,28.0,10.0,0.0,0.0,0.0,0.0,0.0,0.0,9.0,40.0,4.44,0.0,14.0,12.0,72.0,6.0,0.0,0.0,0.0,0.0,0.0,0.0,11.0,23.2,23.2,17.2,0.0,117.0,0.0,0.0,0.0,0.0,0.0,0.0,0.0,0.0,0.0,0.0,0.0,0.0,0.0,2.0,2.0,0.0,2.7,1.0,1.0,0.0,2.7,0.0,0.0,0.0,0.0,3.0,1.0,33.33,5.0,0.0,3.4,1.0,0.0,0.0,0.0,0.0,2.5,-119.0
Hunter Renfrow,332.0,WR106,296.0,38.0,LVR,WR,26.0,17.0,9.0,0.0,0.0,0.0,0.0,0.0,3.0,3.0,1.0,0.0,128.0,103.0,1038.0,10.08,9.0,5.0,1.0,9.0,0.0,0.0,156.0,259.1,263.1,207.6,32.0,13.0,38.0,0.0,0.0,0.0,0.0,0.0,0.0,0.0,0.0,0.0,0.0,0.0,0.0,0.0,0.0,0.0,0.0,0.0,0.0,0.0,0.0,0.0,0.0,0.0,0.0,24.0,18.0,75.0,114.0,9.0,27.3,14.0,8.0,57.14,42.0,6.0,35.0,258.0
Larry Rountree,333.0,RB98,298.0,382.0,LAC,RB,22.0,12.0,0.0,0.0,0.0,0.0,0.0,0.0,36.0,87.0,2.42,1.0,2.0,1.0,-1.0,-1.0,0.0,0.0,0.0,1.0,0.0,0.0,15.0,15.6,15.6,15.1,0.0,111.0,0.0,0.0,0.0,0.0,0.0,0.0,0.0,0.0,0.0,0.0,0.0,0.0,0.0,7.0,7.0,1.0,7.0,4.0,5.0,1.0,7.7,2.0,1.0,1.0,8.7,0.0,0.0,0.0,0.0,0.0,0.0,0.0,0.0,0.0,0.0,0.0,0.0,-84.0
Jimmy Garoppolo,334.0,QB42,300.0,83.0,SFO,QB,30.0,15.0,15.0,301.0,441.0,3810.0,20.0,12.0,38.0,51.0,1.34,3.0,0.0,0.0,0.0,0.0,0.0,8.0,3.0,3.0,0.0,1.0,228.0,227.5,245.5,239.5,0.0,17.0,0.0,34.0,58.0,58.62,244.0,16.0,2.0,12.0,30.0,40.0,53.0,8.0,1.0,3.0,8.0,3.0,4.7,3.0,8.0,3.0,7.7,2.0,3.0,2.0,13.3,0.0,0.0,0.0,0.0,0.0,0.0,0.0,0.0,0.0,0.0,0.0,0.0,217.0
Samaje Perine,335.0,RB99,302.0,212.0,CIN,RB,26.0,16.0,0.0,0.0,0.0,0.0,0.0,0.0,55.0,246.0,4.47,1.0,31.0,27.0,196.0,7.26,1.0,0.0,0.0,2.0,0.0,0.0,56.0,83.2,89.2,69.7,0.0,63.0,0.0,0.0,0.0,0.0,0.0,0.0,0.0,0.0,0.0,0.0,0.0,0.0,0.0,2.0,10.0,0.0,2.7,1.0,1.0,0.0,2.3,0.0,0.0,0.0,0.0,6.0,6.0,100.0,33.0,1.0,8.0,1.0,1.0,100.0,4.0,1.0,2.8,90.0
Travis Fulgham,336.0,WR107,303.0,607.0,DEN,0,26.0,1.0,0.0,0.0,0.0,0.0,0.0,0.0,0.0,0.0,0.0,0.0,0.0,0.0,0.0,0.0,0.0,0.0,0.0,0.0,0.0,0.0,0.0,0.0,0.0,0.0,0.0,239.0,0.0,0.0,0.0,0.0,0.0,0.0,0.0,0.0,0.0,0.0,0.0,0.0,0.0,0.0,0.0,0.0,0.0,0.0,0.0,0.0,0.0,0.0,0.0,0.0,0.0,0.0,0.0,0.0,0.0,0.0,0.0,0.0,0.0,0.0,0.0,0.0,0.0,-304.0
Ke'Shawn Vaughn,337.0,RB100,305.0,305.0,TAM,RB,24.0,12.0,1.0,0.0,0.0,0.0,0.0,0.0,36.0,180.0,5.0,2.0,8.0,4.0,26.0,6.5,0.0,0.0,0.0,2.0,0.0,0.0,33.0,36.6,39.6,34.6,0.0,87.0,0.0,0.0,0.0,0.0,0.0,0.0,0.0,0.0,0.0,0.0,0.0,0.0,0.0,9.0,28.0,2.0,11.0,8.0,22.0,2.0,13.8,4.0,7.0,2.0,16.0,1.0,1.0,100.0,5.0,0.0,0.8,1.0,1.0,100.0,5.0,0.0,1.6,0.0
Mike Boone,338.0,RB101,306.0,454.0,DEN,RB,26.0,8.0,0.0,0.0,0.0,0.0,0.0,0.0,4.0,35.0,8.75,0.0,2.0,2.0,22.0,11.0,0.0,0.0,0.0,0.0,0.0,0.0,6.0,7.7,7.7,6.7,0.0,130.0,0.0,0.0,0.0,0.0,0.0,0.0,0.0,0.0,0.0,0.0,0.0,0.0,0.0,0.0,0.0,0.0,0.0,0.0,0.0,0.0,0.0,0.0,0.0,0.0,0.0,0.0,0.0,0.0,0.0,0.0,0.0,0.0,0.0,0.0,0.0,0.0,0.0,-148.0
David Moore,339.0,WR108,307.0,631.0,2TM,0,26.0,3.0,0.0,0.0,0.0,0.0,0.0,0.0,0.0,0.0,0.0,0.0,2.0,0.0,0.0,0.0,0.0,0.0,0.0,0.0,0.0,0.0,0.0,0.0,0.0,0.0,0.0,247.0,0.0,0.0,0.0,0.0,0.0,0.0,0.0,0.0,0.0,0.0,0.0,0.0,0.0,0.0,0.0,0.0,0.0,0.0,0.0,0.0,0.0,0.0,0.0,0.0,0.0,0.0,0.0,0.0,0.0,0.0,0.0,0.0,0.0,0.0,0.0,0.0,0.0,-324.0
Quintez Cephus,340.0,WR109,308.0,294.0,DET,WR,23.0,5.0,3.0,0.0,0.0,0.0,0.0,0.0,0.0,0.0,0.0,0.0,22.0,15.0,204.0,13.6,2.0,0.0,0.0,2.0,1.0,0.0,34.0,49.4,52.4,41.9,0.0,118.0,0.0,0.0,0.0,0.0,0.0,0.0,0.0,0.0,0.0,0.0,0.0,0.0,0.0,0.0,0.0,0.0,0.0,0.0,0.0,0.0,0.0,0.0,0.0,0.0,0.0,3.0,3.0,100.0,16.0,2.0,5.0,2.0,2.0,100.0,7.0,2.0,8.0,14.0
Kerryon Johnson,341.0,RB102,309.0,622.0,SFO,0,24.0,1.0,0.0,0.0,0.0,0.0,0.0,0.0,0.0,0.0,0.0,0.0,0.0,0.0,0.0,0.0,0.0,0.0,0.0,0.0,0.0,0.0,0.0,0.0,0.0,0.0,0.0,172.0,0.0,0.0,0.0,0.0,0.0,0.0,0.0,0.0,0.0,0.0,0.0,0.0,0.0,0.0,0.0,0.0,0.0,0.0,0.0,0.0,0.0,0.0,0.0,0.0,0.0,0.0,0.0,0.0,0.0,0.0,0.0,0.0,0.0,0.0,0.0,0.0,0.0,-313.0
D'Onta Foreman,343.0,RB103,312.0,151.0,TEN,RB,25.0,9.0,3.0,0.0,0.0,0.0,0.0,0.0,133.0,566.0,4.26,3.0,11.0,9.0,123.0,13.67,0.0,2.0,1.0,3.0,0.0,0.0,85.0,93.9,100.9,89.4,0.0,49.0,0.0,0.0,0.0,0.0,0.0,0.0,0.0,0.0,0.0,0.0,0.0,0.0,0.0,21.0,68.0,2.0,25.3,11.0,29.0,2.0,24.4,4.0,8.0,1.0,17.4,2.0,2.0,100.0,26.0,0.0,2.5,0.0,0.0,0.0,0.0,0.0,0.0,161.0
Josh Reynolds,346.0,WR110,315.0,223.0,2TM,WR,26.0,12.0,5.0,0.0,0.0,0.0,0.0,0.0,0.0,0.0,0.0,0.0,49.0,29.0,396.0,13.66,2.0,0.0,0.0,2.0,0.0,0.0,52.0,80.6,83.6,66.1,0.0,88.0,0.0,0.0,0.0,0.0,0.0,0.0,0.0,0.0,0.0,0.0,0.0,0.0,0.0,0.0,0.0,0.0,0.0,0.0,0.0,0.0,0.0,0.0,0.0,0.0,0.0,6.0,0.0,0.0,0.0,0.0,0.0,2.0,0.0,0.0,0.0,0.0,0.0,92.0
Tim Patrick,347.0,WR111,316.0,124.0,DEN,WR,28.0,16.0,16.0,0.0,0.0,0.0,0.0,0.0,0.0,0.0,0.0,0.0,85.0,53.0,734.0,13.85,5.0,0.0,0.0,5.0,0.0,0.0,103.0,156.4,159.4,129.9,0.0,40.0,0.0,0.0,0.0,0.0,0.0,0.0,0.0,0.0,0.0,0.0,0.0,0.0,0.0,0.0,0.0,0.0,0.0,0.0,0.0,0.0,0.0,0.0,0.0,0.0,0.0,11.0,4.0,36.36,38.0,2.0,19.0,7.0,1.0,14.29,2.0,1.0,21.9,192.0
Kalen Ballage,349.0,RB104,318.0,474.0,PIT,RB,26.0,17.0,0.0,0.0,0.0,0.0,0.0,0.0,12.0,36.0,3.0,0.0,7.0,2.0,8.0,4.0,0.0,0.0,0.0,0.0,0.0,0.0,4.0,6.4,6.4,5.4,0.0,135.0,0.0,0.0,0.0,0.0,0.0,0.0,0.0,0.0,0.0,0.0,0.0,0.0,0.0,0.0,0.0,0.0,0.0,0.0,0.0,0.0,0.0,0.0,0.0,0.0,0.0,1.0,0.0,0.0,0.0,0.0,1.0,1.0,0.0,0.0,0.0,0.0,2.3,-156.0
Deonte Harty,352.0,WR112,321.0,173.0,NOR,WR,24.0,13.0,1.0,0.0,0.0,0.0,0.0,0.0,5.0,41.0,8.2,0.0,59.0,36.0,570.0,15.83,3.0,2.0,1.0,3.0,0.0,0.0,77.0,113.1,117.1,95.1,0.0,59.0,0.0,0.0,0.0,0.0,0.0,0.0,0.0,0.0,0.0,0.0,0.0,0.0,0.0,1.0,6.0,0.0,1.3,0.0,0.0,0.0,0.0,0.0,0.0,0.0,0.0,5.0,4.0,80.0,27.0,0.0,8.1,0.0,0.0,0.0,0.0,0.0,0.0,148.0
Anthony Miller,353.0,WR113,322.0,436.0,2TM,WR,27.0,3.0,1.0,0.0,0.0,0.0,0.0,0.0,0.0,0.0,0.0,0.0,12.0,6.0,25.0,4.17,1.0,0.0,0.0,1.0,0.0,0.0,9.0,14.5,14.5,11.5,0.0,168.0,0.0,0.0,0.0,0.0,0.0,0.0,0.0,0.0,0.0,0.0,0.0,0.0,0.0,0.0,0.0,0.0,0.0,0.0,0.0,0.0,0.0,0.0,0.0,0.0,0.0,1.0,1.0,100.0,1.0,1.0,2.1,1.0,1.0,100.0,1.0,1.0,4.2,-114.0
Rashard Higgins,354.0,WR114,323.0,295.0,CLE,WR,27.0,15.0,4.0,0.0,0.0,0.0,0.0,0.0,0.0,0.0,0.0,0.0,47.0,24.0,275.0,11.46,1.0,0.0,0.0,1.0,0.0,0.0,34.0,57.5,60.5,45.5,0.0,120.0,0.0,0.0,0.0,0.0,0.0,0.0,0.0,0.0,0.0,0.0,0.0,0.0,0.0,0.0,0.0,0.0,0.0,0.0,0.0,0.0,0.0,0.0,0.0,0.0,0.0,5.0,3.0,60.0,33.0,1.0,8.9,2.0,1.0,50.0,7.0,1.0,7.1,28.0
Matt Breida,355.0,RB105,324.0,283.0,BUF,RB,26.0,9.0,0.0,0.0,0.0,0.0,0.0,0.0,26.0,125.0,4.81,1.0,9.0,7.0,72.0,10.29,2.0,1.0,1.0,3.0,0.0,0.0,36.0,42.7,46.7,39.2,0.0,82.0,0.0,0.0,0.0,0.0,0.0,0.0,0.0,0.0,0.0,0.0,0.0,0.0,0.0,3.0,18.0,1.0,2.6,2.0,3.0,0.0,3.2,0.0,0.0,0.0,0.0,3.0,3.0,100.0,24.0,1.0,2.5,0.0,0.0,0.0,0.0,0.0,0.0,41.0
Ameer Abdullah,356.0,RB106,325.0,220.0,2TM,RB,28.0,17.0,1.0,0.0,0.0,0.0,0.0,0.0,51.0,166.0,3.25,0.0,53.0,38.0,289.0,7.61,1.0,0.0,0.0,1.0,0.0,0.0,52.0,89.5,95.5,70.5,0.0,66.0,0.0,0.0,0.0,0.0,0.0,0.0,0.0,0.0,0.0,0.0,0.0,0.0,0.0,7.0,16.0,0.0,10.0,3.0,-1.0,0.0,8.1,1.0,-2.0,0.0,6.7,6.0,4.0,66.67,11.0,0.0,12.0,2.0,1.0,50.0,0.0,0.0,7.7,105.0
KJ Hamler,358.0,WR115,327.0,447.0,DEN,WR,22.0,3.0,2.0,0.0,0.0,0.0,0.0,0.0,0.0,0.0,0.0,0.0,10.0,5.0,74.0,14.8,0.0,0.0,0.0,0.0,0.0,0.0,7.0,12.4,12.4,9.9,0.0,171.0,0.0,0.0,0.0,0.0,0.0,0.0,0.0,0.0,0.0,0.0,0.0,0.0,0.0,0.0,0.0,0.0,0.0,0.0,0.0,0.0,0.0,0.0,0.0,0.0,0.0,0.0,0.0,0.0,0.0,0.0,0.0,0.0,0.0,0.0,0.0,0.0,0.0,-120.0
C.J. Uzomah,359.0,TE44,328.0,169.0,CIN,TE,28.0,16.0,16.0,0.0,0.0,0.0,0.0,0.0,0.0,0.0,0.0,0.0,63.0,49.0,493.0,10.06,5.0,0.0,0.0,5.0,0.0,0.0,79.0,128.3,131.3,103.8,0.0,17.0,0.0,0.0,0.0,0.0,0.0,0.0,0.0,0.0,0.0,0.0,0.0,0.0,0.0,0.0,0.0,0.0,0.0,0.0,0.0,0.0,0.0,0.0,0.0,0.0,0.0,9.0,5.0,55.56,19.0,2.0,12.0,4.0,2.0,50.0,9.0,2.0,11.1,159.0
Zach Pascal,361.0,WR116,330.0,209.0,IND,WR,27.0,16.0,13.0,0.0,0.0,0.0,0.0,0.0,2.0,21.0,10.5,0.0,69.0,38.0,384.0,10.11,3.0,1.0,1.0,3.0,0.0,0.0,57.0,94.5,98.5,75.5,0.0,82.0,0.0,0.0,0.0,0.0,0.0,0.0,0.0,0.0,0.0,0.0,0.0,0.0,0.0,1.0,12.0,0.0,0.9,0.0,0.0,0.0,0.0,0.0,0.0,0.0,0.0,13.0,6.0,46.15,35.0,3.0,20.6,9.0,3.0,33.33,16.0,2.0,25.0,121.0
Marquise Goodwin,362.0,WR117,331.0,278.0,CHI,WR,31.0,14.0,2.0,0.0,0.0,0.0,0.0,0.0,2.0,-1.0,-0.5,0.0,40.0,20.0,313.0,15.65,1.0,1.0,0.0,1.0,0.0,0.0,37.0,57.2,60.2,47.2,0.0,112.0,0.0,0.0,0.0,0.0,0.0,0.0,0.0,0.0,0.0,0.0,0.0,0.0,0.0,1.0,1.0,0.0,1.2,1.0,1.0,0.0,2.1,0.0,0.0,0.0,0.0,3.0,1.0,33.33,9.0,0.0,5.3,2.0,0.0,0.0,0.0,0.0,7.7,53.0
Jonathan Williams,365.0,RB107,334.0,370.0,WAS,RB,27.0,5.0,0.0,0.0,0.0,0.0,0.0,0.0,17.0,79.0,4.65,1.0,6.0,4.0,28.0,7.0,0.0,0.0,0.0,1.0,0.0,0.0,17.0,20.7,20.7,18.7,0.0,106.0,0.0,0.0,0.0,0.0,0.0,0.0,0.0,0.0,0.0,0.0,0.0,0.0,0.0,4.0,11.0,1.0,5.4,3.0,10.0,1.0,6.8,2.0,3.0,1.0,9.1,0.0,0.0,0.0,0.0,0.0,0.0,0.0,0.0,0.0,0.0,0.0,0.0,-36.0
Amari Rodgers,371.0,WR119,340.0,462.0,GNB,WR,22.0,16.0,1.0,0.0,0.0,0.0,0.0,0.0,1.0,11.0,11.0,0.0,8.0,4.0,45.0,11.25,0.0,2.0,0.0,0.0,0.0,0.0,6.0,9.6,9.6,7.6,0.0,180.0,0.0,0.0,0.0,0.0,0.0,0.0,0.0,0.0,0.0,0.0,0.0,0.0,0.0,0.0,0.0,0.0,0.0,0.0,0.0,0.0,0.0,0.0,0.0,0.0,0.0,2.0,0.0,0.0,0.0,0.0,1.7,1.0,0.0,0.0,0.0,0.0,2.0,-122.0
Stephen Anderson,373.0,TE45,342.0,334.0,LAC,TE,28.0,17.0,4.0,0.0,0.0,0.0,0.0,0.0,0.0,0.0,0.0,0.0,19.0,16.0,165.0,10.31,1.0,0.0,0.0,1.0,0.0,0.0,23.0,38.5,41.5,30.5,0.0,56.0,0.0,0.0,0.0,0.0,0.0,0.0,0.0,0.0,0.0,0.0,0.0,0.0,0.0,0.0,0.0,0.0,0.0,0.0,0.0,0.0,0.0,0.0,0.0,0.0,0.0,1.0,1.0,100.0,2.0,1.0,1.0,1.0,1.0,100.0,2.0,1.0,2.0,8.0
David Njoku,374.0,TE46,343.0,181.0,CLE,TE,25.0,16.0,11.0,0.0,0.0,0.0,0.0,0.0,1.0,1.0,1.0,0.0,53.0,36.0,475.0,13.19,4.0,0.0,0.0,4.0,0.0,0.0,72.0,107.6,110.6,89.6,0.0,20.0,0.0,0.0,0.0,0.0,0.0,0.0,0.0,0.0,0.0,0.0,0.0,0.0,0.0,0.0,0.0,0.0,0.0,0.0,0.0,0.0,0.0,0.0,0.0,0.0,0.0,8.0,4.0,50.0,31.0,2.0,14.3,5.0,1.0,20.0,3.0,1.0,17.9,162.0
Ito Smith,375.0,RB108,344.0,463.0,DAL,RB,26.0,1.0,0.0,0.0,0.0,0.0,0.0,0.0,1.0,4.0,4.0,1.0,0.0,0.0,0.0,0.0,0.0,0.0,0.0,1.0,0.0,0.0,6.0,6.4,6.4,6.4,0.0,129.0,0.0,0.0,0.0,0.0,0.0,0.0,0.0,0.0,0.0,0.0,0.0,0.0,0.0,1.0,4.0,1.0,1.4,1.0,4.0,1.0,2.9,1.0,4.0,1.0,5.0,0.0,0.0,0.0,0.0,0.0,0.0,0.0,0.0,0.0,0.0,0.0,0.0,-119.0
Dyami Brown,376.0,WR120,345.0,371.0,WAS,WR,22.0,15.0,6.0,0.0,0.0,0.0,0.0,0.0,1.0,-4.0,-4.0,0.0,25.0,12.0,165.0,13.75,0.0,0.0,0.0,0.0,0.0,0.0,16.0,28.1,31.1,22.1,0.0,146.0,0.0,0.0,0.0,0.0,0.0,0.0,0.0,0.0,0.0,0.0,0.0,0.0,0.0,0.0,0.0,0.0,0.0,0.0,0.0,0.0,0.0,0.0,0.0,0.0,0.0,3.0,2.0,66.67,13.0,0.0,5.8,0.0,0.0,0.0,0.0,0.0,0.0,-26.0
Albert Wilson,377.0,WR121,346.0,341.0,MIA,WR,29.0,14.0,5.0,0.0,1.0,0.0,0.0,0.0,4.0,17.0,4.25,0.0,39.0,25.0,213.0,8.52,0.0,0.0,0.0,0.0,0.0,0.0,23.0,48.0,51.0,35.5,0.0,135.0,0.0,0.0,1.0,0.0,0.0,0.0,0.0,0.0,1.0,0.0,0.0,0.0,0.0,0.0,0.0,0.0,0.0,0.0,0.0,0.0,0.0,0.0,0.0,0.0,0.0,2.0,1.0,50.0,1.0,0.0,2.7,0.0,0.0,0.0,0.0,0.0,0.0,5.0
Donald Parham,379.0,TE47,348.0,269.0,LAC,TE,24.0,14.0,9.0,0.0,0.0,0.0,0.0,0.0,0.0,0.0,0.0,0.0,27.0,20.0,190.0,9.5,3.0,0.0,0.0,3.0,1.0,0.0,39.0,59.0,62.0,49.0,0.0,36.0,0.0,0.0,0.0,0.0,0.0,0.0,0.0,0.0,0.0,0.0,0.0,0.0,0.0,0.0,0.0,0.0,0.0,0.0,0.0,0.0,0.0,0.0,0.0,0.0,0.0,6.0,2.0,33.33,12.0,2.0,6.1,6.0,2.0,33.33,12.0,2.0,12.2,79.0
Kendrick Bourne,381.0,WR122,350.0,71.0,NWE,WR,26.0,17.0,5.0,1.0,1.0,25.0,1.0,0.0,12.0,125.0,10.42,0.0,70.0,55.0,800.0,14.55,5.0,1.0,1.0,5.0,0.0,0.0,126.0,180.5,187.5,153.0,4.0,29.0,71.0,0.0,0.0,0.0,0.0,0.0,0.0,0.0,0.0,0.0,0.0,0.0,0.0,2.0,25.0,0.0,2.1,0.0,0.0,0.0,0.0,0.0,0.0,0.0,0.0,9.0,7.0,77.78,32.0,3.0,11.5,4.0,3.0,75.0,11.0,3.0,11.4,279.0
Marcus Mariota,382.0,QB43,351.0,380.0,LVR,QB,28.0,10.0,0.0,1.0,2.0,4.0,0.0,0.0,13.0,87.0,6.69,1.0,0.0,0.0,0.0,0.0,0.0,1.0,0.0,1.0,0.0,0.0,15.0,14.9,14.9,14.9,0.0,55.0,0.0,1.0,1.0,100.0,4.0,0.0,0.0,0.0,0.0,0.0,0.0,0.0,0.0,5.0,17.0,1.0,6.7,3.0,4.0,1.0,8.1,2.0,3.0,1.0,10.0,0.0,0.0,0.0,0.0,0.0,0.0,0.0,0.0,0.0,0.0,0.0,0.0,-29.0
Antonio Gandy-Golden,383.0,WR123,352.0,608.0,WAS,0,23.0,4.0,0.0,0.0,0.0,0.0,0.0,0.0,0.0,0.0,0.0,0.0,0.0,0.0,0.0,0.0,0.0,0.0,0.0,0.0,0.0,0.0,0.0,0.0,0.0,0.0,0.0,240.0,0.0,0.0,0.0,0.0,0.0,0.0,0.0,0.0,0.0,0.0,0.0,0.0,0.0,0.0,0.0,0.0,0.0,0.0,0.0,0.0,0.0,0.0,0.0,0.0,0.0,0.0,0.0,0.0,0.0,0.0,0.0,0.0,0.0,0.0,0.0,0.0,0.0,-256.0
Van Jefferson,384.0,WR124,353.0,107.0,LAR,WR,25.0,17.0,17.0,0.0,0.0,0.0,0.0,0.0,2.0,20.0,10.0,0.0,89.0,50.0,802.0,16.04,6.0,0.0,0.0,6.0,0.0,0.0,118.0,168.2,171.2,143.2,0.0,31.0,0.0,0.0,0.0,0.0,0.0,0.0,0.0,0.0,0.0,0.0,0.0,0.0,0.0,0.0,0.0,0.0,0.0,0.0,0.0,0.0,0.0,0.0,0.0,0.0,0.0,18.0,5.0,27.78,53.0,3.0,13.8,9.0,1.0,11.11,2.0,1.0,14.5,246.0
Keelan Cole,386.0,WR125,355.0,224.0,NYJ,WR,28.0,15.0,11.0,0.0,1.0,0.0,0.0,0.0,0.0,0.0,0.0,0.0,51.0,28.0,449.0,16.04,1.0,0.0,0.0,1.0,0.0,0.0,51.0,78.9,81.9,64.9,0.0,90.0,0.0,0.0,1.0,0.0,0.0,0.0,0.0,0.0,1.0,0.0,0.0,0.0,0.0,0.0,0.0,0.0,0.0,0.0,0.0,0.0,0.0,0.0,0.0,0.0,0.0,5.0,1.0,20.0,11.0,0.0,8.2,1.0,0.0,0.0,0.0,0.0,4.3,131.0
Tutu Atwell,387.0,WR126,356.0,578.0,LAR,0,22.0,8.0,0.0,0.0,0.0,0.0,0.0,0.0,0.0,0.0,0.0,0.0,0.0,0.0,0.0,0.0,0.0,1.0,0.0,0.0,0.0,0.0,0.0,0.0,0.0,0.0,0.0,228.0,0.0,0.0,0.0,0.0,0.0,0.0,0.0,0.0,0.0,0.0,0.0,0.0,0.0,0.0,0.0,0.0,0.0,0.0,0.0,0.0,0.0,0.0,0.0,0.0,0.0,0.0,0.0,0.0,0.0,0.0,0.0,0.0,0.0,0.0,0.0,0.0,0.0,-222.0
James Washington,388.0,WR127,357.0,257.0,PIT,WR,25.0,15.0,2.0,0.0,0.0,0.0,0.0,0.0,2.0,13.0,6.5,0.0,44.0,24.0,285.0,11.88,2.0,0.0,0.0,2.0,0.0,0.0,42.0,65.8,68.8,53.8,0.0,105.0,0.0,0.0,0.0,0.0,0.0,0.0,0.0,0.0,0.0,0.0,0.0,0.0,0.0,0.0,0.0,0.0,0.0,0.0,0.0,0.0,0.0,0.0,0.0,0.0,0.0,9.0,6.0,66.67,53.0,2.0,9.2,3.0,1.0,33.33,9.0,1.0,6.8,100.0
N'Keal Harry,389.0,WR128,358.0,373.0,NWE,WR,24.0,12.0,4.0,0.0,0.0,0.0,0.0,0.0,0.0,0.0,0.0,0.0,22.0,12.0,184.0,15.33,0.0,1.0,1.0,0.0,0.0,0.0,16.0,28.4,32.4,22.4,0.0,144.0,0.0,0.0,0.0,0.0,0.0,0.0,0.0,0.0,0.0,0.0,0.0,0.0,0.0,0.0,0.0,0.0,0.0,0.0,0.0,0.0,0.0,0.0,0.0,0.0,0.0,1.0,0.0,0.0,0.0,0.0,1.3,1.0,0.0,0.0,0.0,0.0,2.9,-15.0
Cam Sims,392.0,WR129,361.0,299.0,WAS,WR,25.0,14.0,3.0,0.0,0.0,0.0,0.0,0.0,1.0,7.0,7.0,0.0,23.0,15.0,211.0,14.07,2.0,0.0,0.0,2.0,0.0,0.0,34.0,48.8,51.8,41.3,0.0,119.0,0.0,0.0,0.0,0.0,0.0,0.0,0.0,0.0,0.0,0.0,0.0,0.0,0.0,0.0,0.0,0.0,0.0,0.0,0.0,0.0,0.0,0.0,0.0,0.0,0.0,4.0,3.0,75.0,12.0,1.0,7.7,2.0,1.0,50.0,6.0,1.0,8.7,62.0
Jalen Guyton,393.0,WR130,362.0,188.0,LAC,WR,24.0,16.0,2.0,0.0,0.0,0.0,0.0,0.0,7.0,34.0,4.86,0.0,48.0,31.0,448.0,14.45,3.0,1.0,0.0,3.0,0.0,0.0,66.0,97.2,100.2,81.7,0.0,67.0,0.0,0.0,0.0,0.0,0.0,0.0,0.0,0.0,0.0,0.0,0.0,0.0,0.0,0.0,0.0,0.0,0.0,0.0,0.0,0.0,0.0,0.0,0.0,0.0,0.0,7.0,4.0,57.14,18.0,1.0,7.1,3.0,2.0,66.67,9.0,1.0,6.1,174.0
Chris Conley,394.0,WR131,363.0,250.0,HOU,WR,29.0,16.0,10.0,0.0,0.0,0.0,0.0,0.0,1.0,3.0,3.0,0.0,37.0,22.0,323.0,14.68,2.0,1.0,1.0,2.0,0.0,0.0,43.0,64.6,68.6,53.6,0.0,103.0,0.0,0.0,0.0,0.0,0.0,0.0,0.0,0.0,0.0,0.0,0.0,0.0,0.0,0.0,0.0,0.0,0.0,0.0,0.0,0.0,0.0,0.0,0.0,0.0,0.0,1.0,1.0,100.0,6.0,0.0,2.1,0.0,0.0,0.0,0.0,0.0,0.0,113.0
Shi Smith,395.0,WR132,364.0,427.0,CAR,WR,23.0,6.0,0.0,0.0,0.0,0.0,0.0,0.0,1.0,-3.0,-3.0,0.0,11.0,6.0,104.0,17.33,0.0,0.0,0.0,0.0,0.0,0.0,10.0,16.1,19.1,13.1,0.0,164.0,0.0,0.0,0.0,0.0,0.0,0.0,0.0,0.0,0.0,0.0,0.0,0.0,0.0,0.0,0.0,0.0,0.0,0.0,0.0,0.0,0.0,0.0,0.0,0.0,0.0,1.0,1.0,100.0,16.0,0.0,2.0,0.0,0.0,0.0,0.0,0.0,0.0,-63.0
Preston Williams,396.0,WR133,365.0,446.0,MIA,WR,24.0,8.0,3.0,0.0,0.0,0.0,0.0,0.0,1.0,7.0,7.0,0.0,16.0,6.0,71.0,11.83,0.0,0.0,0.0,0.0,0.0,0.0,8.0,13.8,13.8,10.8,0.0,170.0,0.0,0.0,0.0,0.0,0.0,0.0,0.0,0.0,0.0,0.0,0.0,0.0,0.0,0.0,0.0,0.0,0.0,0.0,0.0,0.0,0.0,0.0,0.0,0.0,0.0,4.0,0.0,0.0,0.0,0.0,5.4,3.0,0.0,0.0,0.0,0.0,7.9,-81.0
Damiere Byrd,397.0,WR134,367.0,266.0,CHI,WR,28.0,17.0,4.0,0.0,0.0,0.0,0.0,0.0,0.0,0.0,0.0,0.0,38.0,26.0,329.0,12.65,1.0,1.0,1.0,1.0,1.0,0.0,39.0,64.9,68.9,51.9,0.0,108.0,0.0,0.0,0.0,0.0,0.0,0.0,0.0,0.0,0.0,0.0,0.0,0.0,0.0,0.0,0.0,0.0,0.0,0.0,0.0,0.0,0.0,0.0,0.0,0.0,0.0,4.0,2.0,50.0,17.0,0.0,7.0,1.0,0.0,0.0,0.0,0.0,3.8,101.0
Trent Sherfield,398.0,WR135,368.0,383.0,SFO,WR,25.0,17.0,1.0,0.0,0.0,0.0,0.0,0.0,0.0,0.0,0.0,0.0,20.0,9.0,87.0,9.67,1.0,0.0,0.0,1.0,0.0,0.0,15.0,23.7,23.7,19.2,0.0,150.0,0.0,0.0,0.0,0.0,0.0,0.0,0.0,0.0,0.0,0.0,0.0,0.0,0.0,0.0,0.0,0.0,0.0,0.0,0.0,0.0,0.0,0.0,0.0,0.0,0.0,4.0,1.0,25.0,5.0,1.0,6.7,3.0,1.0,33.33,5.0,1.0,10.0,-15.0
Mike Strachan,399.0,WR136,369.0,508.0,IND,WR,24.0,6.0,0.0,0.0,0.0,0.0,0.0,0.0,0.0,0.0,0.0,0.0,3.0,2.0,26.0,13.0,0.0,0.0,0.0,0.0,0.0,0.0,3.0,4.6,4.6,3.6,0.0,202.0,0.0,0.0,0.0,0.0,0.0,0.0,0.0,0.0,0.0,0.0,0.0,0.0,0.0,0.0,0.0,0.0,0.0,0.0,0.0,0.0,0.0,0.0,0.0,0.0,0.0,0.0,0.0,0.0,0.0,0.0,0.0,0.0,0.0,0.0,0.0,0.0,0.0,-139.0
Devin Smith,405.0,WR138,375.0,643.0,JAX,0,29.0,4.0,0.0,0.0,0.0,0.0,0.0,0.0,0.0,0.0,0.0,0.0,1.0,0.0,0.0,0.0,0.0,0.0,0.0,0.0,0.0,0.0,0.0,0.0,0.0,0.0,0.0,251.0,0.0,0.0,0.0,0.0,0.0,0.0,0.0,0.0,0.0,0.0,0.0,0.0,0.0,0.0,0.0,0.0,0.0,0.0,0.0,0.0,0.0,0.0,0.0,0.0,0.0,0.0,0.0,0.0,0.0,0.0,0.0,0.0,0.0,0.0,0.0,0.0,0.0,-268.0
Jordan Love,406.0,QB44,376.0,349.0,GNB,QB,23.0,6.0,1.0,36.0,62.0,411.0,2.0,3.0,12.0,27.0,2.25,0.0,0.0,0.0,0.0,0.0,0.0,3.0,1.0,0.0,1.0,0.0,21.0,21.1,28.1,24.1,0.0,52.0,0.0,4.0,7.0,57.14,19.0,0.0,0.0,1.0,1.0,100.0,3.0,0.0,0.0,0.0,0.0,0.0,0.0,0.0,0.0,0.0,0.0,0.0,0.0,0.0,0.0,0.0,0.0,0.0,0.0,0.0,0.0,0.0,0.0,0.0,0.0,0.0,0.0,27.0
Dezmon Patmon,409.0,WR139,379.0,443.0,IND,WR,23.0,8.0,0.0,0.0,0.0,0.0,0.0,0.0,0.0,0.0,0.0,0.0,4.0,2.0,21.0,10.5,1.0,0.0,0.0,1.0,0.0,0.0,8.0,10.1,10.1,9.1,0.0,169.0,0.0,0.0,0.0,0.0,0.0,0.0,0.0,0.0,0.0,0.0,0.0,0.0,0.0,0.0,0.0,0.0,0.0,0.0,0.0,0.0,0.0,0.0,0.0,0.0,0.0,1.0,1.0,100.0,14.0,1.0,1.6,0.0,0.0,0.0,0.0,0.0,0.0,-64.0
Khalil Herbert,410.0,RB110,380.0,189.0,CHI,RB,23.0,17.0,2.0,0.0,0.0,0.0,0.0,0.0,103.0,433.0,4.2,2.0,16.0,14.0,96.0,6.86,0.0,1.0,0.0,2.0,0.0,0.0,65.0,78.9,81.9,71.9,0.0,59.0,0.0,0.0,0.0,0.0,0.0,0.0,0.0,0.0,0.0,0.0,0.0,0.0,0.0,8.0,6.0,1.0,9.6,5.0,0.0,1.0,10.6,2.0,1.0,1.0,9.5,2.0,2.0,100.0,-4.0,0.0,3.5,1.0,1.0,100.0,2.0,0.0,3.8,191.0
Rodney Adams,411.0,WR140,381.0,574.0,CHI,0,27.0,1.0,0.0,0.0,0.0,0.0,0.0,0.0,0.0,0.0,0.0,0.0,1.0,0.0,0.0,0.0,0.0,0.0,0.0,0.0,0.0,0.0,0.0,0.0,0.0,0.0,0.0,225.0,0.0,0.0,0.0,0.0,0.0,0.0,0.0,0.0,0.0,0.0,0.0,0.0,0.0,0.0,0.0,0.0,0.0,0.0,0.0,0.0,0.0,0.0,0.0,0.0,0.0,0.0,0.0,0.0,0.0,0.0,0.0,0.0,0.0,0.0,0.0,0.0,0.0,-193.0
Jesper Horsted,412.0,TE48,382.0,387.0,CHI,TE,24.0,7.0,0.0,0.0,0.0,0.0,0.0,0.0,0.0,0.0,0.0,0.0,3.0,2.0,21.0,10.5,2.0,0.0,0.0,2.0,0.0,0.0,14.0,16.1,16.1,15.1,0.0,67.0,0.0,0.0,0.0,0.0,0.0,0.0,0.0,0.0,0.0,0.0,0.0,0.0,0.0,0.0,0.0,0.0,0.0,0.0,0.0,0.0,0.0,0.0,0.0,0.0,0.0,3.0,2.0,66.67,21.0,2.0,5.3,2.0,1.0,50.0,2.0,1.0,7.7,-5.0
Peyton Barber,413.0,RB111,383.0,263.0,LVR,RB,27.0,10.0,1.0,0.0,0.0,0.0,0.0,0.0,55.0,212.0,3.85,2.0,13.0,10.0,67.0,6.7,0.0,2.0,0.0,2.0,0.0,0.0,40.0,49.9,52.9,44.9,0.0,78.0,0.0,0.0,0.0,0.0,0.0,0.0,0.0,0.0,0.0,0.0,0.0,0.0,0.0,10.0,26.0,2.0,13.3,5.0,15.0,2.0,13.5,2.0,3.0,1.0,10.0,2.0,2.0,100.0,14.0,0.0,2.3,0.0,0.0,0.0,0.0,0.0,0.0,120.0
Demetric Felton,415.0,RB112,385.0,301.0,CLE,RB,23.0,16.0,2.0,0.0,0.0,0.0,0.0,0.0,7.0,24.0,3.43,0.0,21.0,18.0,181.0,10.06,2.0,4.0,0.0,2.0,0.0,0.0,33.0,50.5,53.5,41.5,0.0,88.0,0.0,0.0,0.0,0.0,0.0,0.0,0.0,0.0,0.0,0.0,0.0,0.0,0.0,0.0,0.0,0.0,0.0,0.0,0.0,0.0,0.0,0.0,0.0,0.0,0.0,1.0,1.0,100.0,10.0,1.0,1.8,1.0,1.0,100.0,10.0,1.0,3.6,84.0
Cam Akers,417.0,RB113,388.0,537.0,LAR,RB,22.0,1.0,0.0,0.0,0.0,0.0,0.0,0.0,5.0,3.0,0.6,0.0,3.0,3.0,10.0,3.33,0.0,0.0,0.0,0.0,0.0,0.0,1.0,4.3,4.3,2.8,0.0,153.0,0.0,0.0,0.0,0.0,0.0,0.0,0.0,0.0,0.0,0.0,0.0,0.0,0.0,13.0,27.0,0.0,12.1,7.0,9.0,0.0,13.0,2.0,2.0,0.0,9.5,1.0,1.0,100.0,2.0,0.0,0.8,0.0,0.0,0.0,0.0,0.0,0.0,-149.0
