,Unnamed: 0,Rk,Player,Tm,FantPos,Age,G,GS,Cmp,Att,Yds,TD,Int,Att.1,Yds.1,Y/A,TD.1,Tgt,Rec,Yds.2,Y/R,TD.2,Fmb,FL,TD.3,2PM,2PP,FantPt,PPR,DKPt,FDPt,VBD,PosRank,OvRank,-9999
0,0,1,David Johnson,ARI,RB,25,16,16,0,0,0,0,0,293,1239,4.23,16,120,80,879,10.99,4,5.0,3,20,1.0,0.0,328.0,407.8,416.8,367.8,191.0,1,1.0,JohnDa08
1,1,2,Ezekiel Elliott,DAL,RB,21,15,15,0,0,0,0,0,322,1631,5.07,15,39,32,363,11.34,1,5.0,1,16,0.0,0.0,293.0,325.4,332.4,309.4,156.0,2,2.0,ElliEz00
2,2,3,Aaron Rodgers,GNB,QB,33,16,16,401,610,4428,40,7,67,369,5.51,4,0,0,0,0.0,0,8.0,4,4,1.0,1.0,380.0,380.0,397.0,387.0,119.0,1,3.0,RodgAa00
3,3,4,LeSean McCoy,BUF,RB,28,15,15,0,0,0,0,0,234,1267,5.41,13,57,50,356,7.12,1,3.0,0,14,1.0,0.0,248.0,298.3,304.3,273.3,111.0,3,4.0,McCoLe01
4,4,5,Le'Veon Bell,PIT,RB,24,12,12,0,1,0,0,0,261,1268,4.86,7,94,75,616,8.21,2,4.0,1,9,1.0,0.0,242.0,317.4,324.4,279.9,105.0,4,5.0,BellLe00
5,5,6,DeMarco Murray,TEN,RB,28,16,16,1,2,10,1,0,293,1287,4.39,9,67,53,377,7.11,3,3.0,1,12,0.0,0.0,241.0,293.8,300.8,267.3,104.0,5,6.0,MurrDe00
6,6,7,Devonta Freeman,ATL,RB,24,16,16,0,0,0,0,0,227,1079,4.75,11,65,54,462,8.56,2,1.0,1,13,0.0,0.0,230.0,284.1,291.1,257.1,93.0,6,7.0,FreeDe00
7,7,8,LeGarrette Blount,NWE,RB,30,16,8,0,0,0,0,0,299,1161,3.88,18,8,7,38,5.43,0,2.0,1,18,0.0,0.0,226.0,232.9,236.9,229.4,89.0,7,8.0,BlouLe00
8,8,9,Matt Ryan,ATL,QB,31,16,16,373,534,4944,38,7,35,117,3.34,0,0,0,0,0.0,0,4.0,2,0,1.0,1.0,347.0,347.5,362.5,354.5,87.0,2,9.0,RyanMa00
9,9,10,Mike Evans,TAM,WR,23,16,16,0,0,0,0,0,0,0,0.0,0,173,96,1321,13.76,12,0.0,0,12,2.0,0.0,208.0,304.1,307.1,256.1,82.0,1,10.0,EvanMi00
10,10,11,Jordy Nelson,GNB,WR,31,16,16,0,0,0,0,0,0,0,0.0,0,152,97,1257,12.96,14,1.0,1,14,0.0,0.0,208.0,304.7,308.7,256.2,82.0,2,11.0,NelsJo00
11,11,12,Antonio Brown,PIT,WR,28,15,15,0,0,0,0,0,3,9,3.0,0,154,106,1284,12.11,12,0.0,0,12,0.0,0.0,201.0,307.3,310.3,254.3,75.0,3,12.0,BrowAn04
12,12,13,Melvin Gordon,SDG,RB,23,13,11,0,0,0,0,0,254,997,3.93,10,57,41,419,10.22,2,2.0,2,12,0.0,0.0,210.0,250.6,258.6,230.1,73.0,8,13.0,GordMe00
13,13,14,Drew Brees,NOR,QB,37,16,16,471,673,5208,37,15,23,20,0.87,2,0,0,0,0.0,0,5.0,4,2,0.0,0.0,332.0,332.3,354.3,347.3,72.0,3,14.0,BreeDr00
14,14,15,Odell Beckham Jr.,NYG,WR,24,16,16,0,0,0,0,0,1,9,9.0,0,169,101,1367,13.53,10,3.0,1,10,0.0,0.0,196.0,296.6,300.6,246.1,69.0,4,15.0,BeckOd00
15,15,16,Jordan Howard,CHI,RB,22,15,13,0,0,0,0,0,252,1313,5.21,6,50,29,298,10.28,1,2.0,1,7,0.0,0.0,201.0,230.1,237.1,215.6,64.0,9,16.0,HowaJo00
16,16,17,Mark Ingram,NOR,RB,27,16,14,0,0,0,0,0,205,1043,5.09,6,58,46,319,6.93,4,2.0,2,10,2.0,0.0,196.0,242.2,250.2,219.2,59.0,10,17.0,IngrMa01
17,17,18,T.Y. Hilton,IND,WR,27,16,16,0,0,0,0,0,0,0,0.0,0,155,91,1448,15.91,6,0.0,0,6,1.0,0.0,183.0,273.8,276.8,228.3,57.0,5,18.0,HiltT.00
18,18,19,Jay Ajayi,MIA,RB,23,15,12,0,0,0,0,0,260,1272,4.89,8,35,27,151,5.59,0,4.0,1,8,0.0,0.0,188.0,215.3,222.3,201.8,51.0,11,19.0,AjayJa00
19,19,20,Travis Kelce,KAN,TE,27,16,15,0,0,0,0,0,1,-5,-5.0,0,117,85,1125,13.24,4,0.0,0,4,1.0,0.0,138.0,223.0,226.0,180.5,51.0,1,20.0,KelcTr00
20,20,21,Julio Jones,ATL,WR,27,14,14,0,0,0,0,0,0,0,0.0,0,129,83,1409,16.98,6,0.0,0,6,0.0,0.0,177.0,259.9,262.9,218.4,51.0,6,21.0,JoneJu02
21,21,22,Andrew Luck,IND,QB,27,15,15,346,545,4240,31,13,64,341,5.33,2,0,0,0,0.0,0,6.0,5,2,0.0,2.0,308.0,307.7,331.7,320.7,47.0,4,22.0,LuckAn00
22,22,23,Davante Adams,GNB,WR,24,16,15,0,0,0,0,0,0,0,0.0,0,121,75,997,13.29,12,2.0,1,12,1.0,0.0,172.0,246.7,250.7,209.2,46.0,7,23.0,AdamDa01
23,23,24,Brandin Cooks,NOR,WR,23,16,12,0,0,0,0,0,6,30,5.0,0,117,78,1173,15.04,8,1.0,0,8,0.0,0.0,168.0,246.3,249.3,207.3,42.0,8,24.0,CookBr00
24,24,25,Greg Olsen,CAR,TE,31,16,16,0,0,0,0,0,0,0,0.0,0,129,80,1073,13.41,3,0.0,0,3,1.0,0.0,127.0,207.3,210.3,167.3,40.0,2,25.0,OlseGr00
25,25,26,Kirk Cousins,WAS,QB,28,16,16,406,606,4917,25,12,34,96,2.82,4,0,0,0,0.0,0,9.0,3,4,0.0,0.0,300.0,300.3,318.3,312.3,40.0,5,26.0,CousKi00
26,26,27,Frank Gore,IND,RB,33,16,16,0,0,0,0,0,263,1025,3.9,4,47,38,277,7.29,4,2.0,1,8,0.0,0.0,176.0,214.2,221.2,195.2,39.0,12,27.0,GoreFr00
27,27,28,Kyle Rudolph,MIN,TE,27,16,16,0,0,0,0,0,0,0,0.0,0,132,83,840,10.12,7,0.0,0,7,0.0,0.0,126.0,209.0,212.0,167.5,39.0,3,28.0,RudoKy00
28,28,29,Latavius Murray,OAK,RB,26,14,12,0,0,0,0,0,195,788,4.04,12,43,33,264,8.0,0,2.0,1,12,0.0,0.0,175.0,208.2,215.2,191.7,38.0,13,29.0,MurrLa00
29,29,30,Michael Thomas,NOR,WR,23,15,12,0,0,0,0,0,0,0,0.0,0,121,92,1137,12.36,9,2.0,2,9,0.0,0.0,164.0,255.7,260.7,209.7,38.0,9,30.0,ThomMi05
30,30,31,Jimmy Graham,SEA,TE,30,16,15,0,0,0,0,0,1,0,0.0,0,95,65,923,14.2,6,2.0,2,6,0.0,0.0,124.0,189.3,194.3,156.8,37.0,4,31.0,GrahJi00
31,31,32,Delanie Walker,TEN,TE,32,15,9,0,0,0,0,0,2,11,5.5,0,102,65,800,12.31,7,1.0,0,7,0.0,0.0,123.0,188.1,191.1,155.6,36.0,5,32.0,WalkHu00
32,32,33,Doug Baldwin,SEA,WR,28,16,15,1,1,15,1,0,3,2,0.67,0,125,94,1128,12.0,7,1.0,0,7,0.0,0.0,160.0,253.6,256.6,206.6,33.0,10,33.0,BaldDo00
33,33,34,Tyreek Hill,KAN,WR,22,16,1,0,0,0,0,0,24,267,11.13,3,83,61,593,9.72,6,4.0,1,12,0.0,0.0,156.0,217.0,224.0,186.5,30.0,11,34.0,HillTy00
34,34,35,Isaiah Crowell,CLE,RB,23,16,16,0,0,0,0,0,198,952,4.81,7,53,40,319,7.98,0,2.0,2,7,0.0,0.0,165.0,205.1,213.1,185.1,28.0,14,35.0,CrowIs00
35,35,36,Carlos Hyde,SFO,RB,26,13,13,0,0,0,0,0,217,988,4.55,6,33,27,163,6.04,3,5.0,3,9,1.0,0.0,165.0,192.1,201.1,178.6,28.0,15,36.0,HydeCa00
36,36,37,Cameron Brate,TAM,TE,25,15,10,0,0,0,0,0,0,0,0.0,0,81,57,660,11.58,8,1.0,0,8,0.0,0.0,114.0,171.0,174.0,142.5,27.0,6,37.0,BratCa00
37,37,38,Dak Prescott,DAL,QB,23,16,16,311,459,3667,23,4,57,282,4.95,6,0,0,0,0.0,0,9.0,4,6,0.0,0.0,287.0,286.9,300.9,290.9,26.0,6,38.0,PresDa01
38,38,39,Martellus Bennett,NWE,TE,29,16,12,0,0,0,0,0,2,10,5.0,0,73,55,701,12.75,7,0.0,0,7,0.0,0.0,113.0,168.1,171.1,140.6,26.0,7,39.0,BennMa00
39,39,40,Michael Crabtree,OAK,WR,29,16,16,0,0,0,0,0,0,0,0.0,0,145,89,1003,11.27,8,2.0,0,8,1.0,0.0,150.0,239.3,242.3,194.8,24.0,12,40.0,CrabMi00
40,40,41,Spencer Ware,KAN,RB,25,14,14,0,0,0,0,0,214,921,4.3,3,42,33,447,13.55,2,4.0,3,5,0.0,0.0,161.0,193.8,202.8,177.3,24.0,16,41.0,WareSp00
41,41,42,Amari Cooper,OAK,WR,22,16,14,0,0,0,0,0,1,0,0.0,0,132,83,1153,13.89,5,2.0,0,5,2.0,0.0,149.0,232.3,235.3,190.8,23.0,13,42.0,CoopAm00
42,42,43,Lamar Miller,HOU,RB,25,14,14,0,0,0,0,0,268,1073,4.0,5,39,31,188,6.06,1,2.0,1,6,0.0,0.0,160.0,191.1,198.1,175.6,23.0,18,43.0,MillLa01
43,43,44,Tevin Coleman,ATL,RB,23,13,0,0,0,0,0,0,118,520,4.41,8,40,31,421,13.58,3,1.0,0,11,0.0,0.0,160.0,191.1,197.1,175.6,23.0,17,44.0,ColeTe01
44,44,45,Tyrell Williams,SDG,WR,24,16,12,0,0,0,0,0,0,0,0.0,0,119,69,1059,15.35,7,0.0,0,7,0.0,0.0,148.0,216.9,219.9,182.4,22.0,14,45.0,WillTy00
45,45,46,Rishard Matthews,TEN,WR,27,16,9,0,0,0,0,0,0,0,0.0,0,108,65,945,14.54,9,1.0,1,9,0.0,0.0,147.0,211.5,215.5,179.0,20.0,15,46.0,MattRi00
46,46,47,Matthew Stafford,DET,QB,28,16,16,388,594,4327,24,10,37,207,5.59,2,1,0,0,0.0,0,3.0,2,2,0.0,1.0,280.0,279.8,297.8,289.8,19.0,7,47.0,StafMa00
47,47,48,Jeremy Hill,CIN,RB,24,15,13,0,0,0,0,0,222,839,3.78,9,27,21,174,8.29,0,0.0,0,9,0.0,0.0,155.0,176.3,182.3,165.8,18.0,19,48.0,HillJe01
48,48,49,Zach Ertz,PHI,TE,26,14,12,0,0,0,0,0,0,0,0.0,0,106,78,816,10.46,4,0.0,0,4,0.0,0.0,106.0,183.6,186.6,144.6,18.0,8,49.0,ErtzZa00
49,49,50,Todd Gurley,LAR,RB,22,16,16,0,0,0,0,0,278,885,3.18,6,58,43,327,7.6,0,2.0,1,6,0.0,0.0,155.0,198.2,205.2,176.7,18.0,20,50.0,GurlTo01
50,50,51,Matt Forte,NYJ,RB,31,14,13,0,0,0,0,0,218,813,3.73,7,43,30,263,8.77,1,1.0,1,8,0.0,0.0,154.0,183.6,190.6,168.6,17.0,21,51.0,FortMa00
51,51,52,Jordan Reed,WAS,TE,26,12,8,0,0,0,0,0,0,0,0.0,0,89,66,686,10.39,6,1.0,1,6,0.0,0.0,103.0,168.6,172.6,135.6,15.0,9,52.0,ReedJo02
52,52,53,Jarvis Landry,MIA,WR,24,16,16,0,1,0,0,0,5,17,3.4,0,131,94,1136,12.09,4,2.0,2,4,1.0,0.0,137.0,231.3,236.3,184.3,11.0,16,53.0,LandJa00
53,53,54,Larry Fitzgerald,ARI,WR,33,16,16,0,1,0,0,0,2,5,2.5,0,150,107,1023,9.56,6,2.0,1,6,0.0,0.0,137.0,243.8,247.8,190.3,11.0,17,54.0,FitzLa00
54,54,55,Tyrod Taylor,BUF,QB,27,15,15,269,436,3023,17,6,95,580,6.11,6,0,0,0,0.0,0,4.0,2,6,1.0,1.0,271.0,270.9,284.9,276.9,10.0,8,55.0,TaylTy00
55,55,56,Terrelle Pryor,CLE,WR,27,16,15,5,9,41,0,0,8,21,2.63,1,140,77,1007,13.08,4,1.0,0,5,1.0,0.0,136.0,213.4,216.4,174.9,10.0,18,56.0,PryoTe00
56,56,57,Demaryius Thomas,DEN,WR,29,16,16,0,0,0,0,0,0,0,0.0,0,144,90,1083,12.03,5,2.0,2,5,0.0,1.0,136.0,226.3,231.3,181.3,10.0,19,57.0,ThomDe03
57,57,58,Blake Bortles,JAX,QB,24,16,16,368,625,3905,23,16,58,359,6.19,3,1,1,20,20.0,1,8.0,6,4,1.0,1.0,270.0,271.1,299.1,286.6,9.0,9,58.0,BortBl00
58,58,59,Kelvin Benjamin,CAR,WR,25,16,13,0,0,0,0,0,0,0,0.0,0,118,63,941,14.94,7,1.0,1,7,0.0,0.0,134.0,197.1,201.1,165.6,8.0,20,59.0,BenjKe00
59,59,60,Derek Carr,OAK,QB,25,15,15,357,560,3937,28,6,39,70,1.79,0,0,0,0,0.0,0,5.0,3,0,0.0,5.0,268.0,268.5,280.5,274.5,8.0,10,60.0,CarrDe02
60,60,61,Antonio Gates,SDG,TE,36,14,9,0,0,0,0,0,0,0,0.0,0,93,53,548,10.34,7,1.0,1,7,0.0,0.0,95.0,147.8,151.8,121.3,8.0,10,61.0,GateAn00
61,61,62,Russell Wilson,SEA,QB,28,16,16,353,546,4219,21,11,72,259,3.6,1,2,2,14,7.0,1,8.0,2,2,0.0,1.0,268.0,270.1,289.1,280.1,7.0,11,62.0,WilsRu00
62,62,63,Emmanuel Sanders,DEN,WR,29,16,16,0,0,0,0,0,1,4,4.0,0,137,79,1032,13.06,5,1.0,0,5,0.0,0.0,134.0,212.6,215.6,173.1,7.0,21,63.0,SandEm00
63,63,64,Hunter Henry,SDG,TE,22,15,10,0,0,0,0,0,0,0,0.0,0,53,36,478,13.28,8,1.0,1,8,0.0,0.0,94.0,129.8,133.8,111.8,7.0,11,64.0,HenrHu00
64,64,65,Julian Edelman,NWE,WR,30,16,13,0,0,0,0,0,12,57,4.75,0,159,98,1106,11.29,3,3.0,2,3,1.0,0.0,132.0,230.3,235.3,181.3,6.0,22,65.0,EdelJu00
65,65,66,Golden Tate,DET,WR,28,16,16,0,0,0,0,0,10,4,0.4,0,135,91,1077,11.84,4,2.0,1,4,1.0,0.0,132.0,223.1,227.1,177.6,6.0,23,66.0,TateGo00
66,66,67,Mike Wallace,BAL,WR,30,16,16,0,0,0,0,0,5,31,6.2,0,116,72,1017,14.13,4,1.0,0,4,1.0,0.0,131.0,202.8,205.8,166.8,5.0,24,67.0,WallMi00
67,67,68,Jamison Crowder,WAS,WR,23,16,9,0,0,0,0,0,2,-2,-1.0,0,99,67,847,12.64,7,2.0,1,8,0.0,0.0,131.0,197.5,201.5,164.0,4.0,25,68.0,CrowJa00
68,68,69,Dez Bryant,DAL,WR,28,13,13,1,1,10,1,0,0,0,0.0,0,96,50,796,15.92,8,1.0,1,8,0.0,0.0,130.0,180.0,184.0,155.0,4.0,26,69.0,BryaDe01
69,69,70,Bilal Powell,NYJ,RB,28,16,4,0,0,0,0,0,131,722,5.51,3,74,58,388,6.69,2,1.0,1,5,0.0,0.0,139.0,197.0,204.0,168.0,2.0,22,70.0,PoweBi00
70,70,71,Kenny Britt,LAR,WR,28,15,15,0,0,0,0,0,0,0,0.0,0,111,68,1002,14.74,5,2.0,1,5,0.0,0.0,128.0,196.2,200.2,162.2,2.0,27,71.0,BritKe00
71,71,72,Jonathan Stewart,CAR,RB,29,13,13,0,0,0,0,0,218,824,3.78,9,21,8,60,7.5,0,3.0,2,9,0.0,0.0,138.0,146.4,151.4,142.4,1.0,23,72.0,StewJo00
72,72,73,Kenny Stills,MIA,WR,24,16,16,0,0,0,0,0,0,0,0.0,0,81,42,726,17.29,9,0.0,0,9,0.0,0.0,127.0,168.6,171.6,147.6,0.0,28,73.0,StilKe00
73,73,74,Allen Robinson,JAX,WR,23,16,16,0,0,0,0,0,0,0,0.0,0,151,73,883,12.1,6,1.0,0,6,1.0,0.0,126.0,199.3,202.3,162.8,0.0,29,74.0,RobiAl02
74,74,75,Andy Dalton,CIN,QB,29,16,16,364,563,4206,18,8,46,184,4.0,4,0,0,0,0.0,0,9.0,3,4,0.0,0.0,261.0,260.6,277.6,268.6,0.0,12,75.0,DaltAn00
75,75,76,Coby Fleener,NOR,TE,28,16,8,0,0,0,0,0,1,2,2.0,1,81,50,631,12.62,3,2.0,0,4,0.0,0.0,87.0,137.3,140.3,112.3,0.0,12,76.0,FleeCo00
76,76,77,Adam Thielen,MIN,WR,26,16,10,0,0,0,0,0,2,15,7.5,0,92,69,967,14.01,5,2.0,1,5,0.0,0.0,126.0,195.2,199.2,160.7,0.0,30,77.0,ThieAd00
77,77,78,Terrance West,BAL,RB,25,16,13,0,0,0,0,0,193,774,4.01,5,45,34,236,6.94,1,2.0,0,6,0.0,0.0,137.0,171.0,177.0,154.0,0.0,24,78.0,WestTe00
78,78,79,Marcus Mariota,TEN,QB,23,15,15,276,451,3426,26,9,60,349,5.82,2,1,0,0,0.0,0,10.0,5,2,0.0,0.0,260.0,259.9,279.9,268.9,0.0,13,0.0,MariMa01
79,79,80,Tom Brady,NWE,QB,39,12,12,291,432,3554,28,2,28,64,2.29,0,0,0,0,0.0,0,5.0,0,0,0.0,1.0,259.0,258.6,263.6,260.6,0.0,15,0.0,BradTo00
80,80,81,Philip Rivers,SDG,QB,35,16,16,349,578,4386,33,21,14,35,2.5,0,0,0,0,0.0,0,9.0,5,0,0.0,0.0,259.0,258.9,287.9,279.9,0.0,14,0.0,RivePh00
81,81,82,Jameis Winston,TAM,QB,22,16,16,345,567,4090,28,18,53,165,3.11,1,0,0,0,0.0,0,10.0,6,1,0.0,3.0,256.0,256.1,286.1,274.1,0.0,16,0.0,WinsJa00
82,82,83,Cam Newton,CAR,QB,27,15,14,270,510,3509,19,14,90,359,3.99,5,0,0,0,0.0,0,3.0,2,5,1.0,1.0,254.0,254.3,276.3,268.3,0.0,17,0.0,NewtCa00
83,83,84,Ben Roethlisberger,PIT,QB,34,14,14,328,509,3819,29,13,16,14,0.88,1,0,0,0,0.0,0,8.0,2,1,0.0,3.0,252.0,252.2,270.2,265.2,0.0,18,0.0,RoetBe00
84,84,85,Carson Palmer,ARI,QB,37,15,15,364,597,4233,26,14,14,38,2.71,0,0,0,0,0.0,0,14.0,4,0,0.0,1.0,243.0,243.1,264.1,257.1,0.0,19,0.0,PalmCa00
85,85,86,Joe Flacco,BAL,QB,31,16,16,436,672,4317,20,15,21,58,2.76,2,0,0,0,0.0,0,5.0,3,2,0.0,4.0,242.0,242.5,263.5,257.5,0.0,20,0.0,FlacJo00
86,86,87,Eli Manning,NYG,QB,35,16,16,377,598,4027,26,16,21,-9,-0.43,0,0,0,0,0.0,0,7.0,4,0,0.0,0.0,224.0,224.2,247.2,240.2,0.0,21,0.0,MannEl00
87,87,88,Alex Smith,KAN,QB,32,15,15,328,489,3502,15,8,48,134,2.79,5,1,1,3,3.0,0,7.0,4,5,0.0,2.0,224.0,224.8,242.8,232.3,0.0,22,0.0,SmitAl03
88,88,89,Sam Bradford,MIN,QB,29,15,15,395,552,3877,20,5,20,53,2.65,0,1,1,5,5.0,0,10.0,5,0,0.0,0.0,221.0,221.9,234.9,226.4,0.0,23,0.0,BradSa00
89,89,90,Carson Wentz,PHI,QB,24,16,16,379,607,3782,16,14,46,150,3.26,2,1,1,7,7.0,0,14.0,3,2,1.0,1.0,213.0,214.0,237.0,227.5,0.0,24,0.0,WentCa00
90,90,91,Colin Kaepernick,SFO,QB,29,12,11,196,331,2241,16,4,69,468,6.78,2,0,0,0,0.0,0,9.0,3,2,1.0,0.0,200.0,200.4,213.4,204.4,0.0,25,0.0,KaepCo00
91,91,92,Trevor Siemian,DEN,QB,25,14,14,289,486,3401,18,10,28,57,2.04,0,0,0,0,0.0,0,4.0,2,0,1.0,0.0,192.0,191.7,206.7,201.7,0.0,26,0.0,SiemTr00
92,92,93,Ryan Tannehill,MIA,QB,28,13,13,261,389,2995,19,12,39,164,4.21,1,0,0,0,0.0,0,9.0,3,1,0.0,1.0,190.0,190.2,211.2,202.2,0.0,27,0.0,TannRy00
93,93,94,Brock Osweiler,HOU,QB,26,15,14,301,510,2957,15,16,30,131,4.37,2,1,1,-14,-14.0,0,5.0,1,2,0.0,0.0,168.0,169.0,192.0,184.5,0.0,28,0.0,OsweBr00
94,94,95,Ryan Fitzpatrick,NYJ,QB,34,14,11,228,403,2710,12,17,33,130,3.94,0,0,0,0,0.0,0,9.0,1,0,0.0,0.0,133.0,133.4,157.4,150.4,0.0,29,0.0,FitzRy00
95,95,96,Ryan Mathews,PHI,RB,29,13,8,0,0,0,0,0,155,661,4.26,8,14,13,115,8.85,1,3.0,2,9,2.0,0.0,132.0,144.6,152.6,138.1,0.0,25,0.0,MathRy00
96,96,97,DeSean Jackson,WAS,WR,30,15,15,0,0,0,0,0,0,0,0.0,0,100,56,1005,17.95,4,0.0,0,4,0.0,0.0,125.0,180.5,183.5,152.5,0.0,31,0.0,JackDe00
97,97,98,Pierre Garcon,WAS,WR,30,16,16,0,0,0,0,0,0,0,0.0,0,114,79,1041,13.18,3,0.0,0,3,0.0,0.0,122.0,201.1,204.1,161.6,0.0,32,0.0,GarcPi00
98,98,99,Brandon LaFell,CIN,WR,30,16,14,0,0,0,0,0,1,-2,-2.0,0,107,64,862,13.47,6,0.0,0,6,0.0,0.0,122.0,186.0,189.0,154.0,0.0,33,0.0,LaFeBr00
99,99,100,Robert Kelley,WAS,RB,24,15,9,0,0,0,0,0,168,704,4.19,6,18,12,82,6.83,1,0.0,0,7,0.0,0.0,121.0,132.6,135.6,126.6,0.0,26,0.0,KellRo00
100,100,101,A.J. Green,CIN,WR,28,10,10,0,0,0,0,0,0,0,0.0,0,100,66,964,14.61,4,0.0,0,4,0.0,0.0,120.0,186.4,189.4,153.4,0.0,34,0.0,GreeA.00
101,101,102,Willie Snead,NOR,WR,24,15,4,1,1,50,1,0,0,0,0.0,0,104,72,895,12.43,4,2.0,0,4,0.0,0.0,120.0,191.5,194.5,155.5,0.0,35,0.0,SneaWi00
102,102,103,DeAndre Hopkins,HOU,WR,24,16,16,0,0,0,0,0,0,0,0.0,0,151,78,954,12.23,4,0.0,0,4,0.0,0.0,119.0,197.4,200.4,158.4,0.0,36,0.0,HopkDe00
103,103,104,Sterling Shepard,NYG,WR,23,16,16,0,0,0,0,0,3,31,10.33,0,105,65,683,10.51,8,0.0,0,8,0.0,0.0,119.0,184.4,187.4,151.9,0.0,37,0.0,ShepSt00
104,104,105,Mike Gillislee,BUF,RB,26,15,1,0,0,0,0,0,101,577,5.71,8,11,9,50,5.56,1,1.0,0,9,0.0,0.0,117.0,125.7,128.7,121.2,0.0,27,0.0,GillMi00
105,105,106,Marvin Jones,DET,WR,26,15,15,0,0,0,0,0,1,3,3.0,0,103,55,930,16.91,4,0.0,0,4,0.0,0.0,117.0,172.3,175.3,144.8,0.0,38,0.0,JoneMa02
106,106,107,Marqise Lee,JAX,WR,25,16,6,1,1,20,1,0,6,35,5.83,0,105,63,851,13.51,3,1.0,1,4,0.0,0.0,115.0,178.4,182.4,146.9,0.0,39,0.0,LeexMa00
107,107,108,Christine Michael,2TM,RB,26,15,7,0,0,0,0,0,148,583,3.94,7,29,22,107,4.86,1,2.0,1,8,0.0,0.0,115.0,137.0,144.0,126.0,0.0,28,0.0,MichCh00
108,108,109,Cole Beasley,DAL,WR,27,16,6,0,1,0,0,0,1,7,7.0,0,98,75,833,11.11,5,0.0,0,5,0.0,0.0,114.0,189.0,192.0,151.5,0.0,40,0.0,BeasCo00
109,109,110,Steve Smith Sr.,BAL,WR,37,14,14,0,0,0,0,0,0,0,0.0,0,101,70,799,11.41,5,0.0,0,5,2.0,0.0,114.0,183.9,186.9,148.9,0.0,41,0.0,SmitSt01
110,110,111,Cameron Meredith,CHI,WR,24,14,10,1,1,2,1,0,1,6,6.0,0,97,66,888,13.45,4,3.0,2,4,0.0,0.0,113.0,179.5,184.5,146.5,0.0,42,0.0,MereCa00
111,111,112,Devontae Booker,DEN,RB,24,16,6,0,0,0,0,0,174,612,3.52,4,45,31,265,8.55,1,4.0,3,5,0.0,0.0,112.0,142.7,151.7,127.2,0.0,29,0.0,BookDe00
112,112,113,Quincy Enunwa,NYJ,WR,24,16,13,0,0,0,0,0,1,12,12.0,0,105,58,857,14.78,4,0.0,0,4,0.0,0.0,111.0,168.9,171.9,139.9,0.0,43,0.0,EnunQu00
113,113,114,Case Keenum,LAR,QB,28,10,9,196,322,2201,9,11,20,51,2.55,1,0,0,0,0.0,0,5.0,1,1,0.0,0.0,111.0,111.1,126.1,122.1,0.0,30,0.0,KeenCa00
114,114,115,Darren Sproles,PHI,RB,33,15,5,0,0,0,0,0,94,438,4.66,2,71,52,427,8.21,2,1.0,0,4,0.0,0.0,111.0,162.5,168.5,136.5,0.0,30,0.0,SproDa00
115,115,116,Stefon Diggs,MIN,WR,23,13,11,0,0,0,0,0,3,10,3.33,0,112,84,903,10.75,3,0.0,0,3,0.0,0.0,109.0,193.3,196.3,151.3,0.0,44,0.0,DiggSt00
116,116,117,Theo Riddick,DET,RB,25,10,8,0,0,0,0,0,92,357,3.88,1,67,53,371,7.0,5,0.0,0,6,0.0,0.0,109.0,161.8,167.8,135.3,0.0,31,0.0,RiddTh00
117,117,118,Anquan Boldin,DET,WR,36,16,16,0,0,0,0,0,0,0,0.0,0,95,67,584,8.72,8,0.0,0,8,0.0,0.0,106.0,173.4,176.4,139.9,0.0,45,0.0,BoldAn00
118,118,119,Taylor Gabriel,ATL,WR,25,13,3,0,0,0,0,0,4,51,12.75,1,50,35,579,16.54,6,0.0,0,7,0.0,0.0,105.0,140.0,143.0,122.5,0.0,47,0.0,GabrTa00
119,119,120,Ted Ginn Jr.,CAR,WR,31,16,8,0,0,0,0,0,14,98,7.0,0,95,54,752,13.93,4,3.0,2,4,0.0,0.0,105.0,159.0,164.0,132.0,0.0,48,0.0,GinnTe00
120,120,121,Tim Hightower,NOR,RB,30,16,1,0,0,0,0,0,133,548,4.12,4,26,22,200,9.09,1,0.0,0,5,0.0,0.0,105.0,126.8,132.8,115.8,0.0,33,0.0,HighTi00
121,121,122,Dontrelle Inman,SDG,WR,27,16,16,0,0,0,0,0,0,0,0.0,0,97,58,810,13.97,4,0.0,0,4,0.0,0.0,105.0,163.0,166.0,134.0,0.0,49,0.0,InmaDo00
122,122,123,Jerick McKinnon,MIN,RB,24,15,7,0,1,0,0,0,159,539,3.39,2,53,43,255,5.93,2,0.0,0,4,1.0,0.0,105.0,148.4,154.4,126.9,0.0,32,0.0,McKiJe00
123,123,124,JJ Nelson,ARI,WR,24,15,6,0,0,0,0,0,4,83,20.75,1,74,34,568,16.71,6,1.0,1,7,0.0,0.0,105.0,139.1,143.1,122.1,0.0,46,0.0,NelsJJ00
124,124,125,Rashad Jennings,NYG,RB,31,13,12,0,0,0,0,0,181,593,3.28,3,42,35,201,5.74,1,1.0,0,4,0.0,0.0,103.0,138.4,144.4,120.9,0.0,34,0.0,JennRa00
125,125,126,James White,NWE,RB,24,16,4,0,0,0,0,0,39,166,4.26,0,86,60,551,9.18,5,0.0,0,5,0.0,0.0,102.0,161.7,167.7,131.7,0.0,35,0.0,WhitJa02
126,126,127,Chris Thompson,WAS,RB,26,16,0,0,0,0,0,0,68,356,5.24,3,62,49,349,7.12,2,2.0,1,5,0.0,0.0,99.0,147.5,154.5,123.0,0.0,36,0.0,ThomCh03
127,127,128,Jordan Matthews,PHI,WR,24,14,13,0,0,0,0,0,0,0,0.0,0,117,73,804,11.01,3,1.0,0,3,0.0,0.0,98.0,171.4,174.4,134.9,0.0,50,0.0,MattJo00
128,128,129,DeVante Parker,MIA,WR,23,15,8,0,0,0,0,0,0,0,0.0,0,87,56,744,13.29,4,0.0,0,4,0.0,0.0,98.0,154.4,157.4,126.4,0.0,51,0.0,ParkDe01
129,129,130,Brandon Marshall,NYJ,WR,32,15,15,0,0,0,0,0,0,0,0.0,0,128,59,788,13.36,3,0.0,0,3,0.0,0.0,97.0,155.8,158.8,126.3,0.0,52,0.0,MarsBr00
130,130,131,Ty Montgomery,GNB,RB,23,15,6,0,0,0,0,0,77,457,5.94,3,56,44,348,7.91,0,2.0,1,3,0.0,0.0,97.0,140.5,147.5,118.5,0.0,37,0.0,MontTy01
131,131,132,Alshon Jeffery,CHI,WR,26,12,12,0,0,0,0,0,0,0,0.0,0,94,52,821,15.79,2,0.0,0,2,0.0,0.0,94.0,146.1,149.1,120.1,0.0,53,0.0,JeffAl00
132,132,133,Derrick Henry,TEN,RB,22,15,2,0,0,0,0,0,110,490,4.45,5,15,13,137,10.54,0,0.0,0,5,0.0,0.0,93.0,105.7,111.7,99.2,0.0,38,0.0,HenrDe00
133,133,134,Chris Hogan,NWE,WR,29,15,14,0,0,0,0,0,3,9,3.0,0,58,38,680,17.89,4,1.0,1,4,0.0,0.0,91.0,128.9,132.9,109.9,0.0,54,0.0,HogaCh00
134,134,135,Duke Johnson,CLE,RB,23,16,1,0,1,0,0,0,73,358,4.9,1,74,53,514,9.7,0,2.0,1,1,0.0,0.0,91.0,144.2,151.2,117.7,0.0,39,0.0,JohnDu00
135,135,136,Mohamed Sanu,ATL,WR,27,15,15,0,0,0,0,0,1,5,5.0,0,81,59,653,11.07,4,1.0,1,4,1.0,0.0,90.0,148.8,152.8,119.3,0.0,55,0.0,SanuMo00
136,136,137,Tavon Austin,LAR,WR,26,15,15,0,0,0,0,0,28,159,5.68,1,106,58,509,8.78,3,5.0,1,4,0.0,0.0,89.0,146.8,153.8,117.8,0.0,56,0.0,AustTa00
137,137,138,Randall Cobb,GNB,WR,26,13,10,0,0,0,0,0,10,33,3.3,0,84,60,610,10.17,4,1.0,0,4,0.0,0.0,88.0,148.3,151.3,118.3,0.0,57,0.0,CobbRa00
138,138,139,T.J. Yeldon,JAX,RB,23,15,13,0,0,0,0,0,130,465,3.58,1,68,50,312,6.24,1,2.0,1,2,0.0,0.0,88.0,137.7,144.7,112.7,0.0,40,0.0,YeldT.00
139,139,140,C.J. Anderson,DEN,RB,25,7,7,0,0,0,0,0,110,437,3.97,4,24,16,128,8.0,1,0.0,0,5,0.0,0.0,87.0,102.5,108.5,94.5,0.0,41,0.0,AndeC.00
140,140,141,Jalen Richard,OAK,RB,23,16,0,0,0,0,0,0,83,491,5.92,1,39,29,194,6.69,2,0.0,0,3,0.0,0.0,87.0,115.5,121.5,101.0,0.0,42,0.0,RichJa01
141,141,142,Jack Doyle,IND,TE,26,16,14,0,0,0,0,0,0,0,0.0,0,75,59,584,9.9,5,1.0,1,5,0.0,0.0,86.0,145.4,149.4,115.9,0.0,13,0.0,DoylJa00
142,142,143,Travis Benjamin,SDG,WR,27,14,8,0,1,0,0,0,2,-3,-1.5,0,75,47,677,14.4,4,5.0,3,4,0.0,0.0,85.0,132.4,138.4,108.9,0.0,58,0.0,BenjTr00
143,143,144,Giovani Bernard,CIN,RB,25,10,2,0,0,0,0,0,91,337,3.7,2,51,39,336,8.62,1,1.0,1,3,0.0,0.0,83.0,122.3,129.3,102.8,0.0,43,0.0,BernGi00
144,144,145,Eric Ebron,DET,TE,23,13,13,0,0,0,0,0,1,1,1.0,1,85,61,711,11.66,1,0.0,0,2,0.0,0.0,83.0,144.2,147.2,113.7,0.0,15,0.0,EbroEr00
145,145,146,Jeremy Kerley,SFO,WR,28,16,13,0,0,0,0,0,0,0,0.0,0,115,64,667,10.42,3,4.0,1,3,0.0,0.0,83.0,146.7,150.7,114.7,0.0,60,0.0,KerlJe00
146,146,147,Tyler Lockett,SEA,WR,24,15,9,0,0,0,0,0,6,114,19.0,1,66,41,597,14.56,1,0.0,0,2,0.0,0.0,83.0,124.1,130.1,103.6,0.0,59,0.0,LockTy00
147,147,148,Dennis Pitta,BAL,TE,31,16,12,0,0,0,0,0,0,0,0.0,0,121,86,729,8.48,2,1.0,1,2,0.0,0.0,83.0,168.9,172.9,125.9,0.0,16,0.0,PittDe00
148,148,149,Jason Witten,DAL,TE,34,16,16,0,0,0,0,0,0,0,0.0,0,95,69,673,9.75,3,1.0,1,3,0.0,0.0,83.0,152.3,156.3,117.8,0.0,14,0.0,WittJa00
149,149,150,Robert Turbin,IND,RB,27,15,0,0,0,0,0,0,47,164,3.49,7,35,26,179,6.88,1,0.0,0,8,0.0,0.0,82.0,108.3,114.3,95.3,0.0,44,0.0,TurbRo00
150,150,151,DeAngelo Williams,PIT,RB,33,9,4,0,0,0,0,0,98,343,3.5,4,27,18,118,6.56,2,0.0,0,6,0.0,0.0,82.0,100.1,106.1,91.1,0.0,45,0.0,WillDe02
151,151,152,Will Fuller,HOU,WR,22,14,13,0,0,0,0,0,1,-3,-3.0,0,92,47,635,13.51,2,2.0,0,3,0.0,0.0,81.0,128.2,131.2,104.7,0.0,62,0.0,FullWi01
152,152,153,Terrance Williams,DAL,WR,27,16,15,0,0,0,0,0,0,0,0.0,0,61,44,594,13.5,4,1.0,1,4,0.0,0.0,81.0,125.4,129.4,103.4,0.0,61,0.0,WillTe01
153,153,154,Shaun Draughn,SFO,RB,29,16,1,0,0,0,0,0,74,196,2.65,4,39,29,263,9.07,2,1.0,1,6,0.0,0.0,80.0,108.9,115.9,94.4,0.0,46,0.0,DrauSh00
154,154,155,C.J. Fiedorowicz,HOU,TE,25,15,15,0,0,0,0,0,0,0,0.0,0,89,54,559,10.35,4,1.0,0,4,0.0,0.0,80.0,133.9,136.9,106.9,0.0,17,0.0,FiedC.00
155,155,156,Brian Hoyer,CHI,QB,31,6,5,134,200,1445,6,0,7,-2,-0.29,0,0,0,0,0.0,0,3.0,1,0,0.0,0.0,80.0,79.6,83.6,79.6,0.0,31,0.0,HoyeBr00
156,156,157,Dwayne Allen,IND,TE,26,14,14,0,0,0,0,0,0,0,0.0,0,52,35,406,11.6,6,1.0,0,6,1.0,0.0,79.0,113.6,116.6,96.1,0.0,19,0.0,AlleDw00
157,157,158,Charles Clay,BUF,TE,27,15,15,0,0,0,0,0,0,0,0.0,0,87,57,552,9.68,4,0.0,0,4,0.0,0.0,79.0,136.2,139.2,107.7,0.0,18,0.0,ClayCh00
158,158,159,Michael Floyd,2TM,WR,27,15,8,0,0,0,0,0,0,0,0.0,0,76,37,488,13.19,5,0.0,0,5,0.0,0.0,79.0,115.8,118.8,97.3,0.0,63,0.0,FloyMi00
159,159,160,Adam Humphries,TAM,WR,23,15,4,0,0,0,0,0,5,18,3.6,0,83,55,622,11.31,2,3.0,0,2,1.0,0.0,78.0,133.0,136.0,105.5,0.0,64,0.0,HumpAd00
160,160,161,Jacquizz Rodgers,TAM,RB,26,10,5,0,0,0,0,0,129,560,4.34,2,16,13,98,7.54,0,0.0,0,2,0.0,0.0,78.0,90.8,93.8,84.3,0.0,47,0.0,RodgJa00
161,161,162,Eli Rogers,PIT,WR,24,13,8,0,0,0,0,0,1,6,6.0,0,66,48,594,12.38,3,2.0,0,3,0.0,0.0,78.0,126.0,129.0,102.0,0.0,65,0.0,RogeEl00
162,162,163,Cody Kessler,CLE,QB,23,9,8,128,195,1380,6,2,11,18,1.64,0,0,0,0,0.0,0,4.0,1,0,0.0,1.0,77.0,77.0,83.0,79.0,0.0,32,0.0,KessCo00
163,163,164,Gary Barnidge,CLE,TE,31,16,16,0,0,0,0,0,0,0,0.0,0,82,55,612,11.13,2,0.0,0,2,1.0,0.0,75.0,130.2,133.2,102.7,0.0,20,0.0,BarnGa01
164,164,165,Chris Ivory,JAX,RB,28,11,1,0,0,0,0,0,117,439,3.75,3,28,20,186,9.3,0,5.0,3,3,0.0,0.0,75.0,94.5,103.5,84.5,0.0,49,0.0,IvorCh00
165,165,166,Zach Zenner,DET,RB,25,14,4,0,0,0,0,0,88,334,3.8,4,23,18,196,10.89,0,1.0,1,4,0.0,0.0,75.0,93.0,100.0,84.0,0.0,48,0.0,ZennZa00
166,166,167,Brian Quick,LAR,WR,27,16,8,0,0,0,0,0,0,0,0.0,0,77,41,564,13.76,3,0.0,0,3,0.0,0.0,74.0,115.4,118.4,94.9,0.0,66,0.0,QuicBr00
167,167,168,Seth Roberts,OAK,WR,25,16,6,0,0,0,0,0,0,0,0.0,0,77,38,397,10.45,5,0.0,0,5,2.0,0.0,74.0,111.7,114.7,92.7,0.0,67,0.0,RobeSe00
168,168,169,Robbie Anderson,NYJ,WR,23,16,8,0,0,0,0,0,3,42,14.0,0,78,42,587,13.98,2,1.0,1,2,0.0,0.0,73.0,114.9,118.9,93.9,0.0,68,0.0,AndeRo04
169,169,170,Blaine Gabbert,SFO,QB,27,6,5,91,160,925,5,6,40,173,4.33,2,1,1,-16,-16.0,0,0.0,0,2,0.0,0.0,73.0,73.7,85.7,79.2,0.0,33,0.0,GabbBl00
170,170,171,Zach Miller,CHI,TE,32,10,8,0,0,0,0,0,0,0,0.0,0,64,47,486,10.34,4,0.0,0,4,0.0,0.0,73.0,119.6,122.6,96.1,0.0,21,0.0,MillZa02
171,171,172,Donte Moncrief,IND,WR,23,9,7,0,0,0,0,0,1,-1,-1.0,0,56,30,307,10.23,7,0.0,0,7,0.0,0.0,73.0,102.6,105.6,87.6,0.0,69,0.0,MoncDo00
172,172,173,Kenneth Dixon,BAL,RB,22,12,0,0,0,0,0,0,88,382,4.34,2,41,30,162,5.4,1,1.0,0,3,0.0,0.0,72.0,102.4,108.4,87.4,0.0,50,0.0,DixoKe00
173,173,174,Rob Gronkowski,NWE,TE,27,8,6,0,0,0,0,0,0,0,0.0,0,38,25,540,21.6,3,0.0,0,3,0.0,0.0,72.0,97.0,100.0,84.5,0.0,22,0.0,GronRo00
174,174,175,Doug Martin,TAM,RB,27,8,8,0,0,0,0,0,144,421,2.92,3,16,14,134,9.57,0,1.0,1,3,0.0,0.0,72.0,85.5,92.5,78.5,0.0,51,0.0,MartDo00
175,175,176,Matt Barkley,CHI,QB,26,7,6,129,216,1611,8,14,7,2,0.29,0,1,1,2,2.0,1,4.0,2,1,0.0,0.0,71.0,71.8,90.8,85.3,0.0,34,0.0,BarkMa00
176,176,177,Tyler Boyd,CIN,WR,22,16,2,0,0,0,0,0,4,58,14.5,0,81,54,603,11.17,1,1.0,1,1,0.0,0.0,70.0,124.1,128.1,97.1,0.0,70,0.0,BoydTy00
177,177,178,Vernon Davis,WAS,TE,32,16,14,0,0,0,0,0,0,0,0.0,0,59,44,583,13.25,2,0.0,0,2,0.0,0.0,70.0,114.3,117.3,92.3,0.0,23,0.0,DaviVe00
178,178,179,Damien Williams,MIA,RB,24,15,0,0,0,0,0,0,35,115,3.29,3,32,23,249,10.83,3,1.0,1,6,0.0,0.0,70.0,93.4,100.4,81.9,0.0,52,0.0,WillDa05
179,179,180,Tyler Eifert,CIN,TE,26,8,2,0,0,0,0,0,0,0,0.0,0,47,29,394,13.59,5,0.0,0,5,0.0,0.0,69.0,98.4,101.4,83.9,0.0,24,0.0,EifeTy00
180,180,181,Cordarrelle Patterson,MIN,WR,25,16,8,0,0,0,0,0,7,43,6.14,0,70,52,453,8.71,2,2.0,0,3,0.0,0.0,68.0,119.6,122.6,93.6,0.0,73,0.0,PattCo00
181,181,182,Breshad Perriman,BAL,WR,23,16,1,0,0,0,0,0,1,2,2.0,0,66,33,499,15.12,3,0.0,0,3,0.0,0.0,68.0,101.1,104.1,84.6,0.0,71,0.0,PerrBr02
182,182,183,DeAndre Washington,OAK,RB,23,14,2,0,0,0,0,0,87,467,5.37,2,23,17,115,6.76,0,1.0,1,2,0.0,0.0,68.0,85.2,92.2,76.7,0.0,53,0.0,WashDe00
183,183,184,Robert Woods,BUF,WR,24,13,10,0,0,0,0,0,1,6,6.0,0,76,51,613,12.02,1,0.0,0,1,0.0,0.0,68.0,118.9,121.9,93.4,0.0,72,0.0,WoodRo02
184,184,185,Matt Jones,WAS,RB,23,7,7,0,0,0,0,0,99,460,4.65,3,8,8,73,9.13,0,3.0,2,3,0.0,0.0,67.0,75.3,80.3,71.3,0.0,54,0.0,JoneMa04
185,185,186,Phillip Dorsett,IND,WR,23,15,7,0,0,0,0,0,2,10,5.0,0,59,33,528,16.0,2,1.0,0,2,0.0,0.0,66.0,98.8,101.8,82.3,0.0,74,0.0,DorsPh00
186,186,187,Robert Griffin III,CLE,QB,26,5,5,87,147,886,2,3,31,190,6.13,2,0,0,0,0.0,0,4.0,1,2,0.0,0.0,66.0,66.4,76.4,69.4,0.0,35,0.0,GrifRo01
187,187,188,Allen Hurns,JAX,WR,25,11,11,0,0,0,0,0,0,0,0.0,0,76,35,477,13.63,3,1.0,0,3,0.0,0.0,66.0,100.7,103.7,83.2,0.0,75,0.0,HurnAl01
188,188,189,Jeremy Maclin,KAN,WR,28,12,12,0,1,0,0,0,1,-1,-1.0,0,76,44,536,12.18,2,0.0,0,2,0.0,0.0,66.0,109.5,112.5,87.5,0.0,76,0.0,MaclJe00
189,189,190,Charcandrick West,KAN,RB,25,15,2,0,0,0,0,0,88,293,3.33,1,34,28,188,6.71,2,0.0,0,3,0.0,0.0,66.0,94.1,100.1,80.1,0.0,55,0.0,WestCh01
190,190,191,John Brown,ARI,WR,26,15,6,0,0,0,0,0,1,10,10.0,0,73,39,517,13.26,2,1.0,0,2,0.0,0.0,65.0,103.7,106.7,84.2,0.0,77,0.0,BrowJo02
191,191,192,Malcolm Mitchell,NWE,WR,24,14,6,0,0,0,0,0,0,0,0.0,0,48,32,401,12.53,4,0.0,0,4,0.0,0.0,64.0,96.1,99.1,80.1,0.0,79,0.0,MitcMa01
192,192,193,Tajae Sharpe,TEN,WR,22,16,10,0,0,0,0,0,1,1,1.0,0,83,41,522,12.73,2,0.0,0,2,0.0,0.0,64.0,105.3,108.3,84.8,0.0,78,0.0,SharTa00
193,193,194,Victor Cruz,NYG,WR,30,15,12,0,0,0,0,0,0,0,0.0,0,72,39,586,15.03,1,1.0,1,1,0.0,0.0,63.0,101.6,105.6,82.1,0.0,81,0.0,CruzVi00
194,194,195,Devin Funchess,CAR,WR,22,15,7,0,0,0,0,0,0,0,0.0,0,58,23,371,16.13,4,0.0,0,4,1.0,0.0,63.0,86.1,89.1,74.6,0.0,80,0.0,FuncDe00
195,195,196,Vance McDonald,SFO,TE,26,11,11,0,0,0,0,0,0,0,0.0,0,45,24,391,16.29,4,0.0,0,4,0.0,0.0,63.0,87.1,90.1,75.1,0.0,25,0.0,McDoVa00
196,196,197,Thomas Rawls,SEA,RB,23,9,7,0,0,0,0,0,109,349,3.2,3,17,13,96,7.38,0,0.0,0,3,0.0,0.0,63.0,75.5,78.5,69.0,0.0,56,0.0,RawlTh00
197,197,198,Paul Perkins,NYG,RB,22,14,1,0,0,0,0,0,112,456,4.07,0,24,15,162,10.8,0,1.0,0,0,0.0,0.0,62.0,76.8,82.8,69.3,0.0,57,0.0,PerkPa00
198,198,199,Marquise Goodwin,BUF,WR,26,15,9,0,0,0,0,0,0,0,0.0,0,68,29,431,14.86,3,0.0,0,3,0.0,0.0,61.0,90.1,93.1,75.6,0.0,82,0.0,GoodMa00
199,199,200,Kendall Wright,TEN,WR,27,11,4,0,0,0,0,0,1,15,15.0,0,42,29,416,14.34,3,0.0,0,3,0.0,0.0,61.0,90.1,93.1,75.6,0.0,83,0.0,WrigKe01
200,200,201,Corey Coleman,CLE,WR,22,10,10,0,0,0,0,0,2,10,5.0,0,73,33,413,12.52,3,0.0,0,3,0.0,0.0,60.0,93.3,96.3,76.8,0.0,84,0.0,ColeCo00
201,201,202,Lance Kendricks,LAR,TE,28,16,16,0,0,0,0,0,0,0,0.0,0,87,50,499,9.98,2,1.0,1,2,0.0,0.0,60.0,109.9,113.9,84.9,0.0,26,0.0,KendLa00
202,202,203,Rex Burkhead,CIN,RB,26,16,1,0,0,0,0,0,74,344,4.65,2,20,17,145,8.53,0,1.0,1,2,0.0,0.0,59.0,75.9,82.9,67.4,0.0,58,0.0,BurkRe00
203,203,204,Sammie Coates,PIT,WR,23,14,5,0,0,0,0,0,4,14,3.5,0,49,21,435,20.71,2,0.0,0,2,0.0,0.0,57.0,77.9,80.9,67.4,0.0,86,0.0,CoatSa00
204,204,205,Jermaine Kearse,SEA,WR,26,16,15,0,0,0,0,0,0,0,0.0,0,89,41,510,12.44,1,0.0,0,1,0.0,0.0,57.0,98.0,101.0,77.5,0.0,85,0.0,KearJe01
205,205,206,Matt Moore,MIA,QB,32,4,3,55,87,721,8,3,1,-1,-1.0,0,0,0,0,0.0,0,1.0,0,0,0.0,0.0,55.0,54.7,60.7,57.7,0.0,36,0.0,MoorMa01
206,206,207,Eddie Royal,CHI,WR,30,9,1,0,0,0,0,0,0,0,0.0,0,43,33,369,11.18,2,2.0,0,3,0.0,0.0,55.0,87.9,90.9,71.4,0.0,88,0.0,RoyaEd00
207,207,208,Sammy Watkins,BUF,WR,23,8,8,0,0,0,0,0,0,0,0.0,0,52,28,430,15.36,2,0.0,0,2,0.0,0.0,55.0,83.0,86.0,69.0,0.0,87,0.0,WatkSa00
208,208,209,Travaris Cadet,NOR,RB,27,15,1,0,0,0,0,0,4,19,4.75,0,54,40,281,7.03,4,0.0,0,4,0.0,0.0,54.0,94.0,97.0,74.0,0.0,60,0.0,CadeTr00
209,209,210,Ryan Griffin,HOU,TE,26,16,5,0,0,0,0,0,0,0,0.0,0,74,50,442,8.84,2,1.0,1,2,0.0,0.0,54.0,104.2,108.2,79.2,0.0,27,0.0,GrifRy00
210,210,211,Jeremy Langford,CHI,RB,25,12,3,0,0,0,0,0,62,200,3.23,4,27,19,142,7.47,0,2.0,2,4,0.0,0.0,54.0,73.2,81.2,63.7,0.0,59,0.0,LangJe00
211,211,212,Clive Walford,OAK,TE,25,15,8,0,0,0,0,0,0,0,0.0,0,52,33,359,10.88,3,0.0,0,3,0.0,0.0,54.0,86.9,89.9,70.4,0.0,28,0.0,WalfCl00
212,212,213,Chris Conley,KAN,WR,24,16,11,0,0,0,0,0,0,0,0.0,0,69,44,530,12.05,0,1.0,0,0,0.0,0.0,53.0,97.0,100.0,75.0,0.0,89,0.0,ConlCh00
213,213,214,Jared Goff,LAR,QB,22,7,7,112,205,1089,5,7,8,16,2.0,1,0,0,0,0.0,0,5.0,2,1,0.0,0.0,53.0,53.2,65.2,60.2,0.0,37,0.0,GoffJa00
214,214,215,Nelson Agholor,PHI,WR,23,15,14,0,0,0,0,0,5,14,2.8,0,69,36,365,10.14,2,1.0,0,2,1.0,0.0,52.0,87.9,90.9,69.9,0.0,90,0.0,AghoNe00
215,215,216,Jesse James,PIT,TE,22,16,13,0,0,0,0,0,0,0,0.0,0,60,39,338,8.67,3,0.0,0,3,0.0,0.0,52.0,90.8,93.8,71.3,0.0,30,0.0,JameJe00
216,216,217,Josh McCown,CLE,QB,37,5,3,90,165,1100,6,6,7,21,3.0,0,0,0,0,0.0,0,7.0,4,0,0.0,1.0,52.0,52.1,65.1,58.1,0.0,38,0.0,McCoJo01
217,217,218,Julius Thomas,JAX,TE,28,9,6,0,0,0,0,0,0,0,0.0,0,51,30,281,9.37,4,0.0,0,4,0.0,0.0,52.0,82.1,85.1,67.1,0.0,29,0.0,ThomJu00
218,218,219,Garrett Celek,SFO,TE,28,16,6,0,0,0,0,0,0,0,0.0,0,50,29,350,12.07,3,2.0,1,3,0.0,0.0,51.0,80.0,84.0,65.5,0.0,32,0.0,CeleGa00
219,219,220,Dorial Green-Beckham,PHI,WR,23,15,7,0,0,0,0,0,0,0,0.0,0,74,36,392,10.89,2,0.0,0,2,0.0,0.0,51.0,87.2,90.2,69.2,0.0,91,0.0,GreeDo00
220,220,221,Jermaine Gresham,ARI,TE,28,16,14,0,0,0,0,0,0,0,0.0,0,61,37,391,10.57,2,1.0,0,2,0.0,0.0,51.0,88.1,91.1,69.6,0.0,31,0.0,GresJe00
221,221,222,Albert Wilson,KAN,WR,24,16,5,0,0,0,0,0,2,50,25.0,1,51,31,279,9.0,2,0.0,0,3,0.0,0.0,51.0,81.9,84.9,66.4,0.0,92,0.0,WilsAl02
222,222,223,Alfred Blue,HOU,RB,25,14,2,0,0,0,0,0,100,420,4.2,1,16,12,40,3.33,0,2.0,1,1,0.0,0.0,50.0,62.0,66.0,56.0,0.0,61,0.0,BlueAl00
223,223,224,Andrew Hawkins,CLE,WR,30,16,5,0,0,0,0,0,2,0,0.0,0,54,33,324,9.82,3,0.0,0,3,0.0,0.0,50.0,83.4,86.4,66.9,0.0,93,0.0,HawkAn00
224,224,225,Dion Sims,MIA,TE,25,14,11,0,0,0,0,0,0,0,0.0,0,35,26,256,9.85,4,0.0,0,4,0.0,0.0,50.0,75.6,78.6,62.6,0.0,33,0.0,SimsDi00
225,225,226,Jay Cutler,CHI,QB,33,5,5,81,137,1059,4,5,5,24,4.8,0,0,0,0,0.0,0,6.0,2,0,0.0,0.0,47.0,46.8,56.8,51.8,0.0,39,0.0,CutlJa00
226,226,227,Russell Shepard,TAM,WR,26,14,4,0,0,0,0,0,1,9,9.0,0,40,23,341,14.83,2,0.0,0,2,0.0,0.0,47.0,70.0,73.0,58.5,0.0,94,0.0,ShepRu00
227,227,228,Wendell Smallwood,PHI,RB,22,13,3,0,0,0,0,0,77,312,4.05,1,13,6,55,9.17,0,1.0,1,2,0.0,0.0,47.0,52.7,56.7,49.7,0.0,63,0.0,SmalWe00
228,228,229,Fozzy Whittaker,CAR,RB,27,16,0,0,0,0,0,0,57,265,4.65,0,33,25,226,9.04,0,1.0,1,0,0.0,0.0,47.0,72.1,79.1,59.6,0.0,62,0.0,WhitFo00
229,229,230,Danny Amendola,NWE,WR,31,12,4,0,0,0,0,0,0,0,0.0,0,29,23,243,10.57,4,3.0,1,4,0.0,0.0,46.0,69.3,73.3,57.8,0.0,95,0.0,AmenDa00
230,230,231,Brandon Coleman,NOR,WR,24,16,4,0,0,0,0,0,0,0,0.0,0,38,26,281,10.81,3,0.0,0,3,0.0,0.0,46.0,72.1,75.1,59.1,0.0,96,0.0,ColeBr00
231,231,232,Will Tye,NYG,TE,25,16,10,0,0,0,0,0,0,0,0.0,0,70,48,395,8.23,1,0.0,0,1,0.0,0.0,46.0,93.5,96.5,69.5,0.0,34,0.0,TyexWi00
232,232,233,Austin Hooper,ATL,TE,22,14,3,0,0,0,0,0,0,0,0.0,0,27,19,271,14.26,3,0.0,0,3,0.0,0.0,45.0,64.1,67.1,54.6,0.0,35,0.0,HoopAu00
233,233,234,Jamize Olawale,OAK,RB,27,16,7,0,0,0,0,0,17,47,2.76,2,14,12,227,18.92,1,0.0,0,3,0.0,0.0,45.0,57.4,60.4,51.4,0.0,64,0.0,OlawJa00
234,234,235,Torrey Smith,SFO,WR,27,12,12,0,0,0,0,0,0,0,0.0,0,49,20,267,13.35,3,0.0,0,3,0.0,0.0,45.0,64.7,67.7,54.7,0.0,97,0.0,SmitTo02
235,235,236,Justin Hardy,ATL,WR,25,16,3,0,0,0,0,0,0,0,0.0,0,31,21,203,9.67,4,0.0,0,4,0.0,0.0,44.0,65.3,68.3,54.8,0.0,98,0.0,HardJu00
236,236,237,C.J. Prosise,SEA,RB,22,6,2,0,0,0,0,0,30,172,5.73,1,19,17,208,12.24,0,0.0,0,1,0.0,0.0,44.0,61.0,67.0,52.5,0.0,65,0.0,ProsC.00
237,237,238,Charles Sims,TAM,RB,26,7,2,0,0,0,0,0,51,149,2.92,1,32,24,190,7.92,1,1.0,1,2,0.0,0.0,44.0,67.9,74.9,55.9,0.0,66,0.0,SimsCh00
238,238,239,Justin Hunter,2TM,WR,25,13,5,0,0,0,0,0,0,0,0.0,0,23,10,189,18.9,4,0.0,0,4,0.0,0.0,43.0,52.9,55.9,47.9,0.0,99,0.0,HuntJu00
239,239,240,Jared Cook,GNB,TE,29,10,5,0,0,0,0,0,0,0,0.0,0,51,30,377,12.57,1,1.0,1,1,0.0,0.0,42.0,71.7,75.7,56.7,0.0,36,0.0,CookJa02
240,240,241,Justin Forsett,3TM,RB,31,9,6,0,0,0,0,0,87,291,3.34,1,27,20,85,4.25,0,2.0,1,1,0.0,0.0,42.0,61.6,65.6,51.6,0.0,67,0.0,ForsJu00
241,241,242,Kenyan Drake,MIA,RB,22,16,1,0,0,0,0,0,33,179,5.42,2,10,9,46,5.11,0,1.0,0,3,0.0,0.0,41.0,49.5,52.5,45.0,0.0,69,0.0,DrakKe00
242,242,243,John Kuhn,NOR,RB,34,16,3,0,0,0,0,0,18,37,2.06,4,20,16,70,4.38,1,0.0,0,5,0.0,0.0,41.0,56.7,56.7,48.7,0.0,68,0.0,KuhnJo00
243,243,244,Quinton Patton,SFO,WR,26,14,14,0,0,0,0,0,0,0,0.0,0,63,37,408,11.03,0,1.0,0,0,0.0,0.0,41.0,77.8,80.8,59.3,0.0,100,0.0,PattQu00
244,244,245,Brice Butler,DAL,WR,26,16,3,0,0,0,0,0,0,0,0.0,0,32,16,219,13.69,3,0.0,0,3,0.0,0.0,40.0,55.9,58.9,47.9,0.0,101,0.0,ButlBr00
245,245,246,James Starks,GNB,RB,30,9,4,0,0,0,0,0,63,145,2.3,0,25,19,134,7.05,2,1.0,0,2,0.0,0.0,40.0,58.9,64.9,49.4,0.0,70,0.0,StarJa00
246,246,247,Kamar Aiken,BAL,WR,27,16,6,0,0,0,0,0,0,0,0.0,0,50,29,328,11.31,1,0.0,0,1,0.0,0.0,39.0,67.8,70.8,53.3,0.0,102,0.0,AikeKa00
247,247,248,Trey Burton,PHI,TE,25,15,4,0,0,0,0,0,0,0,0.0,0,60,37,327,8.84,1,0.0,0,1,0.0,0.0,39.0,75.7,78.7,57.2,0.0,39,0.0,BurtTr01
248,248,249,Eddie Lacy,GNB,RB,26,5,5,0,0,0,0,0,71,360,5.07,0,7,4,28,7.0,0,0.0,0,0,0.0,0.0,39.0,42.8,45.8,40.8,0.0,71,0.0,LacyEd00
249,249,250,Richard Rodgers,GNB,TE,24,16,6,0,0,0,0,0,0,0,0.0,0,47,30,271,9.03,2,0.0,0,2,0.0,0.0,39.0,69.1,72.1,54.1,0.0,37,0.0,RodgRi00
250,250,251,Jacob Tamme,ATL,TE,31,8,5,0,0,0,0,0,0,0,0.0,0,31,22,210,9.55,3,0.0,0,3,0.0,0.0,39.0,61.0,64.0,50.0,0.0,38,0.0,TammJa00
251,251,252,Dwayne Washington,DET,RB,22,12,2,0,0,0,0,0,90,265,2.94,1,15,10,62,6.2,0,0.0,0,1,0.0,0.0,39.0,48.7,51.7,43.7,0.0,72,0.0,WashDw00
252,252,253,Josh Bellamy,CHI,WR,27,16,2,0,0,0,0,0,4,37,9.25,0,38,19,282,14.84,1,0.0,0,1,0.0,0.0,38.0,56.9,59.9,47.4,0.0,103,0.0,BellJo02
253,253,254,Dion Lewis,NWE,RB,26,7,5,0,0,0,0,0,64,283,4.42,0,24,17,94,5.53,0,1.0,0,0,0.0,0.0,38.0,54.7,57.7,46.2,0.0,73,0.0,LewiDi00
254,254,255,Aaron Ripkowski,GNB,RB,24,16,8,0,0,0,0,0,34,150,4.41,2,10,9,46,5.11,1,0.0,0,3,0.0,0.0,38.0,46.6,49.6,42.1,0.0,74,0.0,RipkAa00
255,255,256,Levine Toilolo,ATL,TE,25,16,11,0,0,0,0,0,0,0,0.0,0,19,13,264,20.31,2,0.0,0,2,0.0,0.0,38.0,51.4,54.4,44.9,0.0,40,0.0,ToilLe00
256,256,257,Kyle Juszczyk,BAL,RB,25,16,7,0,0,0,0,0,5,22,4.4,1,49,37,266,7.19,0,0.0,0,1,1.0,0.0,37.0,73.8,76.8,55.3,0.0,76,0.0,JuszKy00
257,257,258,Alfred Morris,DAL,RB,28,14,0,0,0,0,0,0,69,243,3.52,2,6,3,11,3.67,0,0.0,0,2,0.0,0.0,37.0,40.4,43.4,38.9,0.0,75,0.0,MorrAl00
258,258,259,Ladarius Green,PIT,TE,26,6,2,0,0,0,0,0,0,0,0.0,0,34,18,304,16.89,1,0.0,0,1,0.0,0.0,36.0,54.4,57.4,45.4,0.0,41,0.0,GreeLa00
259,259,260,Erik Swoope,IND,TE,24,16,4,0,0,0,0,0,0,0,0.0,0,22,15,297,19.8,1,0.0,0,1,0.0,0.0,36.0,50.7,53.7,43.2,0.0,42,0.0,SwooEr00
260,260,261,Jimmy Garoppolo,NWE,QB,25,6,2,43,63,502,4,0,10,6,0.6,0,1,1,3,3.0,0,2.0,1,0,0.0,0.0,35.0,36.0,40.0,35.5,0.0,40,0.0,GaroJi00
261,261,262,Cobi Hamilton,PIT,WR,26,11,8,0,0,0,0,0,0,0,0.0,0,28,17,234,13.76,2,0.0,0,2,0.0,0.0,35.0,52.4,55.4,43.9,0.0,104,0.0,HamiCo00
262,262,263,Darrius Heyward-Bey,PIT,WR,29,10,0,0,0,0,0,0,1,60,60.0,1,19,6,114,19.0,2,0.0,0,3,0.0,0.0,35.0,41.4,44.4,38.4,0.0,105,0.0,HeywDa00
263,263,264,Paul Richardson,SEA,WR,24,15,0,0,0,0,0,0,1,5,5.0,0,36,21,288,13.71,1,0.0,0,1,0.0,0.0,35.0,56.3,59.3,45.8,0.0,106,0.0,RichPa01
264,264,265,Andre Roberts,DET,WR,28,16,1,0,0,0,0,0,0,0,0.0,0,25,14,188,13.43,1,2.0,1,3,0.0,0.0,35.0,48.8,52.8,41.8,0.0,108,0.0,RobeAn00
265,265,266,Deonte Thompson,CHI,WR,27,16,6,0,0,0,0,0,0,0,0.0,0,36,22,249,11.32,2,1.0,1,2,0.0,0.0,35.0,56.9,60.9,45.9,0.0,107,0.0,ThomDe04
266,266,267,Landry Jones,PIT,QB,27,8,2,53,86,558,4,2,6,-4,-0.67,0,0,0,0,0.0,0,0.0,0,0,0.0,0.0,34.0,33.9,38.9,35.9,0.0,41,0.0,JoneLa02
267,267,268,Bryan Walters,JAX,WR,29,10,3,0,0,0,0,0,1,4,4.0,0,34,24,231,9.63,2,1.0,1,2,0.0,0.0,34.0,57.5,61.5,45.5,0.0,109,0.0,WaltBr00
268,268,269,Geronimo Allison,GNB,WR,22,10,2,0,0,0,0,0,0,0,0.0,0,22,12,202,16.83,2,0.0,0,2,0.0,0.0,32.0,44.2,47.2,38.2,0.0,110,0.0,AlliGe01
269,269,270,Corey Brown,CAR,WR,25,16,8,0,0,0,0,0,2,6,3.0,0,53,27,276,10.22,1,1.0,1,1,0.0,0.0,32.0,59.2,63.2,45.7,0.0,111,0.0,BrowPh00
270,270,271,Corey Grant,JAX,RB,25,11,1,0,0,0,0,0,32,164,5.13,1,7,4,35,8.75,1,0.0,0,2,0.0,0.0,32.0,35.9,38.9,33.9,0.0,77,0.0,GranCo00
271,271,272,Bryce Petty,NYJ,QB,25,6,4,75,133,809,3,7,5,19,3.8,0,0,0,0,0.0,0,1.0,1,0,1.0,0.0,32.0,32.3,43.3,39.3,0.0,42,0.0,PettBr01
272,272,273,Peyton Barber,TAM,RB,22,15,1,0,0,0,0,0,55,223,4.05,1,6,5,28,5.6,0,0.0,0,1,0.0,0.0,31.0,36.1,39.1,33.6,0.0,78,0.0,BarbPe01
273,273,274,Eric Decker,NYJ,WR,29,3,3,0,0,0,0,0,0,0,0.0,0,21,9,194,21.56,2,0.0,0,2,0.0,0.0,31.0,40.4,43.4,35.9,0.0,112,0.0,DeckEr00
274,274,275,Rod Streater,SFO,WR,28,16,2,0,0,0,0,0,0,0,0.0,0,27,18,191,10.61,2,0.0,0,2,0.0,0.0,31.0,49.1,52.1,40.1,0.0,113,0.0,StreRo00
275,275,276,Jordan Taylor,DEN,WR,24,16,0,0,0,0,0,0,0,0,0.0,0,25,16,209,13.06,2,1.0,1,2,0.0,0.0,31.0,46.9,50.9,38.9,0.0,114,0.0,TaylJo01
276,276,277,Virgil Green,DEN,TE,28,12,11,0,0,0,0,0,0,0,0.0,0,37,22,237,10.77,1,0.0,0,1,0.0,0.0,30.0,51.7,54.7,40.7,0.0,43,0.0,GreeVi00
277,277,278,Kenjon Barner,PHI,RB,27,13,0,0,0,0,0,0,27,129,4.78,2,11,5,42,8.4,0,0.0,0,2,0.0,0.0,29.0,34.1,37.1,31.6,0.0,79,0.0,BarnKe00
278,278,279,C.J. Uzomah,CIN,TE,23,10,8,0,0,0,0,0,0,0,0.0,0,38,25,234,9.36,1,0.0,0,1,0.0,0.0,29.0,54.4,57.4,41.9,0.0,44,0.0,UzomC.00
279,279,280,Cameron Artis-Payne,CAR,RB,26,3,3,0,0,0,0,0,36,144,4.0,2,1,1,11,11.0,0,0.0,0,2,0.0,0.0,28.0,28.5,31.5,28.0,0.0,81,0.0,ArtiCa00
280,280,281,Jacoby Brissett,NWE,QB,24,3,2,34,55,400,0,0,16,83,5.19,1,0,0,0,0.0,0,3.0,1,1,0.0,0.0,28.0,28.3,32.3,28.3,0.0,44,0.0,BrisJa00
281,281,282,Nick Foles,KAN,QB,27,3,1,36,55,410,3,0,4,-4,-1.0,0,0,0,0,0.0,0,0.0,0,0,0.0,0.0,28.0,28.0,31.0,28.0,0.0,45,0.0,FoleNi00
282,282,283,Paxton Lynch,DEN,QB,22,3,2,49,83,497,2,1,11,25,2.27,0,0,0,0,0.0,0,2.0,0,0,0.0,0.0,28.0,28.4,32.4,29.4,0.0,43,0.0,LyncPa00
283,283,284,Tanner McEvoy,SEA,WR,23,14,0,1,1,43,0,0,0,0,0.0,0,11,9,140,15.56,2,0.0,0,2,0.0,0.0,28.0,36.7,39.7,32.2,0.0,115,0.0,McEvTa01
284,284,285,Kerwynn Williams,ARI,RB,25,10,0,0,0,0,0,0,18,157,8.72,2,2,1,6,6.0,0,0.0,0,2,0.0,0.0,28.0,29.3,32.3,28.8,0.0,80,0.0,WillKe05
285,285,286,Bennie Fowler,DEN,WR,25,13,0,0,0,0,0,0,0,0,0.0,0,24,11,145,13.18,2,0.0,0,2,0.0,0.0,27.0,37.5,40.5,32.0,0.0,117,0.0,FowlBe00
286,286,287,DuJuan Harris,SFO,RB,28,10,1,0,0,0,0,0,38,138,3.63,0,9,8,115,14.38,1,2.0,2,1,0.0,0.0,27.0,35.3,43.3,31.3,0.0,82,0.0,HarrDu01
287,287,288,Chester Rogers,IND,WR,22,14,2,0,0,0,0,0,0,0,0.0,0,34,19,273,14.37,0,2.0,0,0,0.0,0.0,27.0,46.3,49.3,36.8,0.0,116,0.0,RogeCh02
288,288,289,Shane Vereen,NYG,RB,27,5,1,0,0,0,0,0,33,158,4.79,1,19,11,94,8.55,0,2.0,2,1,0.0,0.0,27.0,38.2,43.2,32.7,0.0,83,0.0,VereSh00
289,289,290,Kapri Bibbs,DEN,RB,23,12,0,0,0,0,0,0,29,129,4.45,0,4,2,75,37.5,1,0.0,0,1,0.0,0.0,26.0,28.4,31.4,27.4,0.0,84,0.0,BibbKa00
290,290,291,Demetrius Harris,KAN,TE,25,16,11,0,0,0,0,0,0,0,0.0,0,31,17,123,7.24,1,1.0,0,2,1.0,0.0,26.0,43.3,46.3,34.8,0.0,45,0.0,HarrDe03
291,291,292,Jaron Brown,ARI,WR,26,7,2,0,0,0,0,0,0,0,0.0,0,22,11,187,17.0,1,0.0,0,1,0.0,0.0,25.0,35.7,38.7,30.2,0.0,120,0.0,BrowJa03
292,292,293,Alex Collins,SEA,RB,22,11,0,0,0,0,0,0,31,125,4.03,1,11,11,84,7.64,0,2.0,1,1,0.0,0.0,25.0,35.9,39.9,30.4,0.0,85,0.0,CollAl00
293,293,294,Seth Devalve,CLE,TE,23,12,2,0,0,0,0,0,0,0,0.0,0,12,10,127,12.7,2,0.0,0,2,0.0,0.0,25.0,34.7,37.7,29.7,0.0,48,0.0,DevaSe00
294,294,295,Josh Huff,2TM,WR,25,10,2,0,1,0,0,0,4,15,3.75,0,23,16,113,7.06,1,0.0,0,2,0.0,0.0,25.0,40.8,43.8,32.8,0.0,119,0.0,HuffJo00
295,295,296,Jeff Janis,GNB,WR,25,16,1,0,0,0,0,0,2,38,19.0,1,19,11,93,8.45,1,0.0,0,2,0.0,0.0,25.0,36.1,36.1,30.6,0.0,118,0.0,JaniJe00
296,296,297,Charone Peake,NYJ,WR,24,15,1,0,0,0,0,0,0,0,0.0,0,35,19,186,9.79,0,0.0,0,1,0.0,0.0,25.0,43.6,46.6,34.1,0.0,121,0.0,PeakCh00
297,297,298,Mychal Rivera,OAK,TE,26,13,2,0,0,0,0,0,0,0,0.0,0,25,18,192,10.67,1,0.0,0,1,0.0,0.0,25.0,43.2,46.2,34.2,0.0,46,0.0,RiveMy00
298,298,299,Mike Tolbert,CAR,RB,31,16,2,0,0,0,0,0,35,114,3.26,0,15,10,72,7.2,1,0.0,0,1,0.0,0.0,25.0,34.6,37.6,29.6,0.0,86,0.0,TolbMi00
299,299,300,Luke Willson,SEA,TE,26,11,6,0,0,0,0,0,0,0,0.0,0,21,15,129,8.6,2,0.0,0,2,0.0,0.0,25.0,39.9,42.9,32.4,0.0,47,0.0,WillLu00
300,300,301,Orleans Darkwa,NYG,RB,24,10,2,0,0,0,0,0,30,111,3.7,2,4,2,12,6.0,0,0.0,0,2,0.0,0.0,24.0,26.3,29.3,25.3,0.0,87,0.0,DarkOr00
301,301,302,Kenneth Farrow,SDG,RB,23,13,2,0,0,0,0,0,60,192,3.2,0,16,13,70,5.38,0,2.0,1,0,0.0,0.0,24.0,37.2,41.2,30.7,0.0,88,0.0,FarrKe02
302,302,303,Xavier Grimble,PIT,TE,24,13,2,0,0,0,0,0,0,0,0.0,0,21,11,118,10.73,2,0.0,0,2,0.0,0.0,24.0,34.8,37.8,29.3,0.0,49,0.0,GrimXa00
303,303,304,Jalin Marshall,NYJ,WR,21,10,1,0,0,0,0,0,0,0,0.0,0,23,14,162,11.57,2,4.0,2,2,0.0,0.0,24.0,38.2,43.2,31.2,0.0,122,0.0,MarsJa01
304,304,305,Charles Johnson,MIN,WR,27,16,7,0,0,0,0,0,0,0,0.0,0,37,20,232,11.6,0,0.0,0,0,0.0,0.0,23.0,43.2,46.2,33.2,0.0,123,0.0,JohnCh08
305,305,306,Marcedes Lewis,JAX,TE,32,10,10,0,0,0,0,0,0,0,0.0,0,30,20,169,8.45,1,0.0,0,1,0.0,0.0,23.0,42.9,45.9,32.9,0.0,50,0.0,LewiMa00
306,306,307,Jordan Norwood,DEN,WR,30,14,6,0,0,0,0,0,1,0,0.0,0,35,21,232,11.05,1,5.0,3,1,0.0,0.0,23.0,44.2,50.2,33.7,0.0,124,0.0,NorwJo00
307,307,308,Ameer Abdullah,DET,RB,23,2,2,0,0,0,0,0,18,101,5.61,0,5,5,57,11.4,1,0.0,0,1,0.0,0.0,22.0,26.8,29.8,24.3,0.0,90,0.0,AbduAm00
308,308,309,Ronnie Hillman,2TM,RB,25,8,1,0,0,0,0,0,41,131,3.2,0,15,7,93,13.29,0,0.0,0,0,0.0,0.0,22.0,29.4,32.4,25.9,0.0,89,0.0,HillRo00
309,309,310,Ben Koyack,JAX,TE,23,14,7,0,0,0,0,0,0,0,0.0,0,24,19,161,8.47,1,0.0,0,1,0.0,0.0,22.0,41.1,44.1,31.6,0.0,51,0.0,KoyaBe00
310,310,311,Roger Lewis,NYG,WR,23,13,1,0,0,0,0,0,0,0,0.0,0,19,7,97,13.86,2,0.0,0,2,0.0,0.0,22.0,28.7,28.7,25.2,0.0,126,0.0,LewiRo03
311,311,312,Marquess Wilson,CHI,WR,24,3,1,0,0,0,0,0,0,0,0.0,0,16,9,160,17.78,1,0.0,0,1,0.0,0.0,22.0,31.0,34.0,26.5,0.0,125,0.0,WilsMa02
312,312,313,Harry Douglas,TEN,WR,32,11,2,0,0,0,0,0,0,0,0.0,0,22,15,210,14.0,0,0.0,0,0,0.0,0.0,21.0,36.0,39.0,28.5,0.0,128,0.0,DougHa00
313,313,314,Lance Dunbar,DAL,RB,26,13,0,0,0,0,0,0,9,31,3.44,1,24,16,122,7.63,0,1.0,0,1,0.0,0.0,21.0,37.3,40.3,29.3,0.0,91,0.0,DunbLa00
314,314,315,Darren Fells,ARI,TE,30,14,7,0,0,0,0,0,0,0,0.0,0,18,14,154,11.0,1,0.0,0,1,0.0,0.0,21.0,35.4,38.4,28.4,0.0,52,0.0,FellDa01
315,315,316,Josh Hill,NOR,TE,26,9,8,0,0,0,0,0,0,0,0.0,0,22,15,149,9.93,1,0.0,0,1,0.0,0.0,21.0,35.9,38.9,28.4,0.0,54,0.0,HillJo02
316,316,317,Andre Johnson,TEN,WR,35,8,4,0,0,0,0,0,0,0,0.0,0,22,9,85,9.44,2,0.0,0,2,0.0,0.0,21.0,29.5,29.5,25.0,0.0,129,0.0,JohnAn02
317,317,318,Ricardo Louis,CLE,WR,22,16,3,0,0,0,0,0,0,0,0.0,0,35,18,205,11.39,0,1.0,0,0,0.0,0.0,21.0,38.5,41.5,29.5,0.0,130,0.0,LouiRi00
318,318,319,Austin Seferian-Jenkins,2TM,TE,24,9,2,0,0,0,0,0,0,0,0.0,0,20,13,154,11.85,1,0.0,0,1,0.0,0.0,21.0,34.4,37.4,27.9,0.0,53,0.0,SefeAu00
319,319,320,Darren Waller,BAL,TE,24,12,3,0,0,0,0,0,0,0,0.0,0,17,10,85,8.5,2,0.0,0,2,0.0,0.0,21.0,30.5,30.5,25.5,0.0,55,0.0,WallDa01
320,320,321,Danny Woodhead,SDG,WR,31,2,1,0,0,0,0,0,19,116,6.11,0,8,6,35,5.83,1,0.0,0,1,0.0,0.0,21.0,27.1,30.1,24.1,0.0,127,0.0,WoodDa02
321,321,322,Cody Core,CIN,WR,22,8,4,0,0,0,0,0,0,0,0.0,0,27,17,200,11.76,0,0.0,0,0,0.0,0.0,20.0,37.0,40.0,28.5,0.0,132,0.0,CoreCo00
322,322,323,Anthony Fasano,TEN,TE,32,16,10,0,0,0,0,0,0,0,0.0,0,13,8,83,10.38,2,0.0,0,2,0.0,0.0,20.0,28.3,28.3,24.3,0.0,56,0.0,FasaAn00
323,323,324,Jonathan Grimes,HOU,RB,27,10,0,0,0,0,0,0,23,105,4.57,0,18,13,94,7.23,0,0.0,0,0,0.0,0.0,20.0,32.9,35.9,26.4,0.0,92,0.0,GrimJo01
324,324,325,Freddie Martino,TAM,WR,25,13,0,0,0,0,0,0,0,0,0.0,0,11,8,142,17.75,1,0.0,0,1,0.0,0.0,20.0,28.2,31.2,24.2,0.0,131,0.0,MartFr00
325,325,326,Bobby Rainey,NYG,RB,29,15,0,0,0,0,0,0,17,63,3.71,0,25,20,153,7.65,0,1.0,1,0,0.0,0.0,20.0,39.6,43.6,29.6,0.0,93,0.0,RainBo00
326,326,327,Kevin White,CHI,WR,24,4,4,0,0,0,0,0,1,9,9.0,0,36,19,187,9.84,0,0.0,0,0,0.0,0.0,20.0,38.6,41.6,29.1,0.0,133,0.0,WhitKe00
327,327,328,Benny Cunningham,LAR,RB,26,11,0,0,0,0,0,0,21,101,4.81,0,21,16,91,5.69,0,1.0,0,0,0.0,0.0,19.0,35.2,38.2,27.2,0.0,94,0.0,CunnBe01
328,328,329,Ed Dickson,CAR,TE,29,16,8,0,0,0,0,0,0,0,0.0,0,19,10,134,13.4,1,0.0,0,1,0.0,0.0,19.0,29.4,32.4,24.4,0.0,57,0.0,DickEd00
329,329,330,Jerell Adams,NYG,TE,24,13,2,0,0,0,0,0,0,0,0.0,0,21,16,122,7.63,1,1.0,0,1,0.0,0.0,18.0,34.2,37.2,26.2,0.0,59,0.0,AdamJe01
330,330,331,Arrelious Benn,JAX,WR,28,15,0,0,0,0,0,0,0,0,0.0,0,10,5,116,23.2,1,0.0,0,1,0.0,0.0,18.0,22.6,25.6,20.1,0.0,134,0.0,BennAr00
331,331,332,Daniel Brown,2TM,TE,24,8,3,0,0,0,0,0,0,0,0.0,0,20,16,124,7.75,1,0.0,0,1,0.0,0.0,18.0,34.4,37.4,26.4,0.0,58,0.0,BrowDa04
332,332,333,Ka'Deem Carey,CHI,RB,24,12,0,0,0,0,0,0,32,126,3.94,0,7,5,55,11.0,0,0.0,0,0,0.0,0.0,18.0,23.1,26.1,20.6,0.0,95,0.0,CareKa00
333,333,334,Andre Ellington,ARI,RB,27,16,0,0,0,0,0,0,34,96,2.82,0,19,12,85,7.08,0,0.0,0,0,0.0,0.0,18.0,30.1,30.1,24.1,0.0,96,0.0,ElliAn00
334,334,335,Tom Savage,HOU,QB,26,3,2,46,73,461,0,0,6,12,2.0,0,0,0,0,0.0,0,1.0,1,0,0.0,0.0,18.0,17.6,21.6,17.6,0.0,46,0.0,SavaTo00
335,335,336,Derek Anderson,CAR,QB,33,5,2,36,53,453,2,5,1,4,4.0,0,0,0,0,0.0,0,1.0,1,0,0.0,1.0,17.0,16.5,25.5,21.5,0.0,48,0.0,AndeDe00
336,336,337,Reggie Bush,BUF,RB,31,13,0,0,0,0,0,0,12,-3,-0.25,1,10,7,90,12.86,0,1.0,0,1,1.0,0.0,17.0,23.7,23.7,20.2,0.0,97,0.0,BushRe00
337,337,338,MarQueis Gray,MIA,TE,27,16,7,0,0,0,0,0,0,0,0.0,0,17,14,174,12.43,0,0.0,0,0,0.0,0.0,17.0,31.4,34.4,24.4,0.0,60,0.0,GrayMa00
338,338,339,Kevin Hogan,CLE,QB,24,4,0,14,26,104,0,2,8,105,13.13,1,0,0,0,0.0,0,0.0,0,1,0.0,0.0,17.0,16.7,21.7,18.7,0.0,47,0.0,HogaKe00
339,339,340,Vincent Jackson,TAM,WR,33,5,5,0,0,0,0,0,0,0,0.0,0,32,15,173,11.53,0,0.0,0,0,0.0,0.0,17.0,32.3,35.3,24.8,0.0,135,0.0,JackVi00
340,340,341,Denard Robinson,JAX,RB,26,13,1,0,0,0,0,0,41,144,3.51,0,5,3,22,7.33,0,0.0,0,0,0.0,0.0,17.0,19.6,22.6,18.1,0.0,98,0.0,RobiDe00
341,341,342,Brandon Tate,BUF,WR,29,15,1,0,0,0,0,0,3,48,16.0,0,12,8,117,14.63,0,0.0,0,0,0.0,0.0,17.0,24.5,27.5,20.5,0.0,136,0.0,TateBr00
342,342,343,Matt Cassel,TEN,QB,34,4,1,30,51,284,2,2,4,3,0.75,0,0,0,0,0.0,0,1.0,0,0,0.0,0.0,16.0,15.7,17.7,17.7,0.0,49,0.0,CassMa00
343,343,344,Brent Celek,PHI,TE,31,16,8,0,0,0,0,0,0,0,0.0,0,19,14,155,11.07,0,1.0,0,0,0.0,0.0,16.0,29.5,32.5,22.5,0.0,61,0.0,CeleBr00
344,344,345,Josh Ferguson,IND,RB,23,16,0,0,0,0,0,0,15,20,1.33,0,26,20,136,6.8,0,1.0,0,0,0.0,0.0,16.0,35.6,38.6,25.6,0.0,100,0.0,FergJo02
345,345,346,Chris Johnson,ARI,RB,31,4,0,0,0,0,0,0,25,95,3.8,1,1,0,0,0.0,0,0.0,0,1,0.0,0.0,16.0,15.5,15.5,15.5,0.0,101,0.0,JohnCh04
346,346,347,Braxton Miller,HOU,WR,24,10,6,0,0,0,0,0,3,0,0.0,0,28,15,99,6.6,1,0.0,0,1,0.0,0.0,16.0,30.9,30.9,23.4,0.0,137,0.0,MillBr03
347,347,348,Terron Ward,ATL,RB,24,5,0,0,0,0,0,0,31,151,4.87,0,2,1,11,11.0,0,0.0,0,0,0.0,0.0,16.0,17.2,20.2,16.7,0.0,99,0.0,WardTe00
348,348,349,Stephen Anderson,HOU,TE,23,13,0,0,0,0,0,0,0,0,0.0,0,16,11,93,8.45,1,0.0,0,1,0.0,0.0,15.0,26.3,26.3,20.8,0.0,62,0.0,AndeSt01
349,349,350,Tyler Higbee,LAR,TE,23,16,7,0,0,0,0,0,0,0,0.0,0,29,11,85,7.73,1,0.0,0,1,0.0,0.0,15.0,25.5,25.5,20.0,0.0,63,0.0,HigbTy00
350,350,351,Greg Salas,BUF,WR,28,2,1,0,0,0,0,0,0,0,0.0,0,6,4,89,22.25,1,0.0,0,1,0.0,0.0,15.0,18.9,18.9,16.9,0.0,139,0.0,SalaGr00
351,351,352,Cecil Shorts,TAM,WR,29,9,5,0,0,0,0,0,0,0,0.0,0,27,11,152,13.82,0,0.0,0,0,0.0,0.0,15.0,26.2,29.2,20.7,0.0,138,0.0,ShorCe00
352,352,353,Mack Brown,WAS,RB,25,9,0,0,0,0,0,0,8,82,10.25,1,1,1,-2,-2.0,0,0.0,0,1,0.0,0.0,14.0,15.0,15.0,14.5,0.0,102,0.0,BrowMa02
353,353,354,A.J. Derby,2TM,TE,25,10,3,0,0,0,0,0,0,0,0.0,0,20,16,160,10.0,0,1.0,1,0,0.0,0.0,14.0,30.0,34.0,22.0,0.0,65,0.0,DerbA.00
354,354,355,Jeff Heuerman,DEN,TE,24,12,2,0,0,0,0,0,0,0,0.0,0,17,9,141,15.67,0,0.0,0,0,0.0,0.0,14.0,23.1,26.1,18.6,0.0,64,0.0,HeueJe00
355,355,356,Akeem Hunt,HOU,RB,23,8,0,0,0,0,0,0,20,109,5.45,0,4,3,29,9.67,0,2.0,0,0,0.0,0.0,14.0,16.8,19.8,15.3,0.0,103,0.0,HuntAk01
356,356,357,Andy Janovich,DEN,RB,23,11,5,0,0,0,0,0,4,33,8.25,1,7,5,44,8.8,0,0.0,0,1,0.0,0.0,14.0,18.7,18.7,16.2,0.0,104,0.0,JanoAn00
357,357,358,Brandon Myers,TAM,TE,31,16,9,0,0,0,0,0,0,0,0.0,0,14,7,59,8.43,1,0.0,0,1,1.0,0.0,14.0,20.9,20.9,17.4,0.0,66,0.0,MyerBr00
358,358,359,Walt Powell,BUF,WR,25,9,2,0,0,0,0,0,0,0,0.0,0,25,14,142,10.14,0,0.0,0,0,0.0,0.0,14.0,28.2,31.2,21.2,0.0,140,0.0,PoweWa00
359,359,360,Larry Donnell,NYG,TE,28,14,6,0,0,0,0,0,0,0,0.0,0,22,15,92,6.13,1,1.0,1,1,0.0,0.0,13.0,28.2,29.2,20.7,0.0,67,0.0,DonnLa00
360,360,361,Arian Foster,MIA,RB,30,4,2,0,0,0,0,0,22,55,2.5,0,10,6,78,13.0,0,1.0,0,0,0.0,0.0,13.0,19.3,19.3,16.3,0.0,106,0.0,FostAr00
361,361,362,Crockett Gillmore,BAL,TE,25,7,5,0,0,0,0,0,0,0,0.0,0,14,8,71,8.88,1,0.0,0,1,0.0,0.0,13.0,21.1,21.1,17.1,0.0,69,0.0,GillCr00
362,362,363,Chris Harper,SFO,WR,23,9,2,0,0,0,0,0,0,0,0.0,0,21,13,133,10.23,0,0.0,0,0,0.0,0.0,13.0,26.3,29.3,19.8,0.0,141,0.0,HarpCh01
363,363,364,Chris Moore,BAL,WR,23,15,0,0,0,0,0,0,3,19,6.33,0,16,7,46,6.57,0,1.0,0,1,0.0,0.0,13.0,19.5,19.5,16.0,0.0,146,0.0,MoorCh00
364,364,365,Nick O'Leary,BUF,RB,24,16,7,0,0,0,0,0,0,0,0.0,0,14,9,114,12.67,0,0.0,0,0,1.0,0.0,13.0,22.4,25.4,17.9,0.0,105,0.0,OLeaNi00
365,365,366,John Phillips,2TM,TE,29,16,7,0,0,0,0,0,0,0,0.0,0,15,10,72,7.2,1,0.0,0,1,0.0,0.0,13.0,23.2,23.2,18.2,0.0,68,0.0,PhilJo00
366,366,367,C.J. Spiller,2TM,RB,29,6,0,0,0,0,0,0,6,18,3.0,0,13,6,50,8.33,1,1.0,0,1,0.0,0.0,13.0,18.8,18.8,15.8,0.0,107,0.0,SpilC.00
367,367,368,Jaelen Strong,HOU,WR,22,8,2,0,0,0,0,0,0,0,0.0,0,24,14,131,9.36,0,0.0,0,0,0.0,0.0,13.0,27.1,30.1,20.1,0.0,142,0.0,StroJa01
368,368,369,Paul Turner,PHI,WR,23,4,2,0,0,0,0,0,0,0,0.0,0,14,9,126,14.0,0,0.0,0,0,0.0,0.0,13.0,21.6,24.6,17.1,0.0,145,0.0,TurnPa01
369,369,370,Markus Wheaton,PIT,WR,25,3,2,0,0,0,0,0,0,0,0.0,0,9,4,51,12.75,1,0.0,0,1,1.0,0.0,13.0,17.1,17.1,15.1,0.0,143,0.0,WheaMa00
370,370,371,Jarius Wright,MIN,WR,27,8,1,0,0,0,0,0,0,0,0.0,0,14,11,67,6.09,1,0.0,0,1,0.0,0.0,13.0,23.7,23.7,18.2,0.0,144,0.0,WrigJa02
371,371,372,Jordan Cameron,MIA,TE,28,3,3,0,0,0,0,0,0,0,0.0,0,11,8,60,7.5,1,0.0,0,1,0.0,0.0,12.0,20.0,20.0,16.0,0.0,71,0.0,CameJo00
372,372,373,Mike Davis,SFO,RB,23,8,1,0,0,0,0,0,19,50,2.63,1,5,3,25,8.33,0,1.0,1,1,0.0,0.0,12.0,14.5,15.5,13.0,0.0,110,0.0,DaviMi01
373,373,374,Rhett Ellison,MIN,RB,28,15,6,0,0,0,0,0,1,1,1.0,1,14,9,57,6.33,0,0.0,0,1,0.0,0.0,12.0,20.8,20.8,16.3,0.0,109,0.0,ElliRh00
374,374,375,Brittan Golden,ARI,WR,28,12,1,0,0,0,0,0,0,0,0.0,0,14,8,82,10.25,1,1.0,1,1,0.0,0.0,12.0,20.2,21.2,16.2,0.0,147,0.0,GoldBr00
375,375,376,Dominique Jones,MIA,TE,29,9,2,0,0,0,0,0,0,0,0.0,0,10,7,61,8.71,1,0.0,0,1,0.0,0.0,12.0,19.1,19.1,15.6,0.0,70,0.0,JoneDo01
376,376,377,Jordan Todman,IND,RB,26,16,0,0,0,0,0,0,9,59,6.56,0,1,0,0,0.0,0,0.0,0,1,0.0,0.0,12.0,11.9,11.9,11.9,0.0,108,0.0,TodmJo00
377,377,378,Jamaal Charles,KAN,RB,30,3,0,0,0,0,0,0,12,40,3.33,1,3,2,14,7.0,0,0.0,0,1,0.0,0.0,11.0,13.4,13.4,12.4,0.0,111,0.0,CharJa00
378,378,379,Patrick DiMarco,ATL,RB,27,16,8,0,0,0,0,0,0,0,0.0,0,10,7,52,7.43,1,0.0,0,1,0.0,0.0,11.0,18.2,18.2,14.7,0.0,113,0.0,DiMaPa00
379,379,380,Neal Sterling,JAX,WR,24,10,1,0,0,0,0,0,0,0,0.0,0,16,12,110,9.17,0,0.0,0,0,0.0,0.0,11.0,23.0,26.0,17.0,0.0,148,0.0,SterNe00
380,380,381,Lucky Whitehead,DAL,WR,24,15,1,0,0,0,0,0,10,82,8.2,0,3,3,48,16.0,0,3.0,1,0,0.0,0.0,11.0,14.0,15.0,12.5,0.0,149,0.0,WhitLu00
381,381,382,Jonathan Williams,BUF,RB,22,11,0,0,1,0,0,0,27,94,3.48,1,2,1,0,0.0,0,2.0,2,1,0.0,0.0,11.0,12.4,14.4,11.9,0.0,112,0.0,WillJo07
382,382,383,Demarcus Ayers,PIT,WR,22,2,1,0,0,0,0,0,2,-12,-6.0,0,13,6,53,8.83,1,0.0,0,1,0.0,0.0,10.0,16.1,16.1,13.1,0.0,150,0.0,AyerDe00
383,383,384,Alan Cross,TAM,TE,23,14,0,0,0,0,0,0,0,0,0.0,0,10,6,38,6.33,1,0.0,0,1,0.0,0.0,10.0,15.8,15.8,12.8,0.0,74,0.0,CrosAl00
384,384,385,Shaun Hill,MIN,QB,36,3,1,19,35,242,0,0,5,5,1.0,0,0,0,0,0.0,0,0.0,0,0,0.0,0.0,10.0,10.2,10.2,10.2,0.0,50,0.0,HillSh00
385,385,386,David Johnson,PIT,TE,29,16,5,0,0,0,0,0,0,0,0.0,0,11,7,80,11.43,0,0.0,0,0,1.0,0.0,10.0,17.0,17.0,13.5,0.0,73,0.0,JohnDa05
386,386,387,Darren McFadden,DAL,RB,29,3,1,0,0,0,0,0,24,87,3.63,0,5,3,17,5.67,0,0.0,0,0,0.0,0.0,10.0,13.4,13.4,11.9,0.0,114,0.0,McFaDa00
387,387,388,Joshua Perkins,ATL,TE,23,8,1,0,0,0,0,0,0,0,0.0,0,5,3,42,14.0,1,0.0,0,1,0.0,0.0,10.0,13.2,13.2,11.7,0.0,72,0.0,PerkJo02
388,388,389,Antone Smith,TAM,RB,31,3,0,0,0,0,0,0,10,47,4.7,0,9,6,77,12.83,0,2.0,1,0,0.0,0.0,10.0,16.4,17.4,13.4,0.0,115,0.0,SmitAn01
389,389,390,James Wright,CIN,WR,25,13,2,0,0,0,0,0,2,-6,-3.0,0,19,13,106,8.15,0,0.0,0,0,0.0,0.0,10.0,23.0,26.0,16.5,0.0,151,0.0,WrigJa03
390,390,391,George Atkinson,CLE,RB,24,16,0,0,0,0,0,0,7,34,4.86,1,0,0,0,0.0,0,1.0,0,1,0.0,0.0,9.0,9.4,9.4,9.4,0.0,116,0.0,AtkiGe01
391,391,392,Blake Bell,SFO,TE,25,13,0,0,0,0,0,0,0,0,0.0,0,9,4,85,21.25,0,0.0,0,0,0.0,0.0,9.0,12.5,12.5,10.5,0.0,77,0.0,BellBl00
392,392,393,Leonte Carroo,MIA,WR,22,14,2,0,0,0,0,0,0,0,0.0,0,6,3,29,9.67,1,0.0,0,1,0.0,0.0,9.0,11.9,11.9,10.4,0.0,153,0.0,CarrLe00
393,393,394,Pharoh Cooper,LAR,WR,21,10,3,0,1,0,0,1,0,0,0.0,0,20,14,106,7.57,0,0.0,0,0,0.0,0.0,9.0,22.6,26.6,16.6,0.0,156,0.0,CoopPh00
394,394,395,Gavin Escobar,DAL,TE,25,16,1,0,0,0,0,0,0,0,0.0,0,7,4,30,7.5,1,0.0,0,1,0.0,0.0,9.0,13.0,13.0,11.0,0.0,76,0.0,EscoGa00
395,395,396,Mike Glennon,TAM,QB,27,2,0,10,11,75,1,0,0,0,0.0,0,0,0,0,0.0,0,0.0,0,0,0.0,1.0,9.0,9.0,9.0,9.0,0.0,53,0.0,GlenMi00
396,396,397,T.J. Jones,DET,WR,24,3,0,0,0,0,0,0,0,0,0.0,0,14,5,93,18.6,0,0.0,0,0,0.0,0.0,9.0,14.3,14.3,11.8,0.0,152,0.0,JoneT.00
397,397,398,Tyler Kroft,CIN,TE,24,14,11,0,0,0,0,0,0,0,0.0,0,12,10,92,9.2,0,0.0,0,0,0.0,0.0,9.0,19.2,19.2,14.2,0.0,75,0.0,KrofTy00
398,398,399,Tommylee Lewis,NOR,WR,24,12,1,0,0,0,0,0,3,11,3.67,0,11,7,76,10.86,0,2.0,0,0,0.0,0.0,9.0,15.7,15.7,12.2,0.0,154,0.0,LewiTo00
399,399,400,Marcel Reece,SEA,RB,31,4,0,0,0,0,0,0,2,0,0.0,0,5,5,73,14.6,0,0.0,0,0,1.0,0.0,9.0,14.3,14.3,11.8,0.0,117,0.0,ReecMa00
400,400,401,Drew Stanton,ARI,QB,32,5,1,19,48,192,2,3,3,-3,-1.0,0,0,0,0,0.0,0,0.0,0,0,0.0,0.0,9.0,9.4,12.4,12.4,0.0,51,0.0,StanDr00
401,401,402,Juwan Thompson,DEN,RB,24,8,1,0,0,0,0,0,8,26,3.25,1,1,0,0,0.0,0,0.0,0,1,0.0,0.0,9.0,8.6,8.6,8.6,0.0,122,0.0,ThomJu01
402,402,403,Fitzgerald Toussaint,PIT,RB,26,16,0,0,0,0,0,0,14,58,4.14,0,3,3,33,11.0,0,0.0,0,0,0.0,0.0,9.0,12.1,12.1,10.6,0.0,119,0.0,TousFi00
403,403,404,Bryce Treggs,PHI,WR,22,9,1,0,0,0,0,0,2,7,3.5,0,12,3,80,26.67,0,0.0,0,0,0.0,0.0,9.0,11.7,11.7,10.2,0.0,155,0.0,TregBr00
404,404,405,Terrell Watson,PHI,RB,23,1,0,0,0,0,0,0,9,28,3.11,1,1,1,5,5.0,0,0.0,0,1,0.0,0.0,9.0,10.3,10.3,9.8,0.0,118,0.0,WatsTe00
405,405,406,Derek Watt,SDG,RB,24,16,2,0,0,0,0,0,2,4,2.0,0,4,4,83,20.75,0,0.0,0,0,0.0,0.0,9.0,12.7,12.7,10.7,0.0,120,0.0,WattDe00
406,406,407,Charlie Whitehurst,CLE,QB,34,1,0,14,24,182,1,1,2,1,0.5,0,0,0,0,0.0,0,0.0,0,0,0.0,0.0,9.0,9.4,10.4,10.4,0.0,52,0.0,WhitCh02
407,407,408,Andre Williams,SDG,RB,24,1,0,0,0,0,0,0,18,87,4.83,0,2,0,0,0.0,0,0.0,0,0,0.0,0.0,9.0,8.7,8.7,8.7,0.0,121,0.0,WillAn00
408,408,409,Trevone Boykin,SEA,QB,23,5,0,13,18,145,1,1,8,1,0.13,0,0,0,0,0.0,0,1.0,0,0,0.0,0.0,8.0,7.9,8.9,8.9,0.0,55,0.0,BoykTr00
409,409,410,Ryan Grant,WAS,WR,26,16,1,0,0,0,0,0,0,0,0.0,0,19,9,76,8.44,0,0.0,0,0,0.0,0.0,8.0,16.6,16.6,12.1,0.0,158,0.0,GranRy01
410,410,411,Connor Hamlett,CLE,TE,24,3,2,0,0,0,0,0,0,0,0.0,0,1,1,17,17.0,1,0.0,0,1,0.0,0.0,8.0,8.7,8.7,8.2,0.0,79,0.0,HamlCo01
411,411,412,Rashard Higgins,CLE,WR,22,16,0,0,0,0,0,0,0,0,0.0,0,12,6,77,12.83,0,0.0,0,0,0.0,0.0,8.0,13.7,13.7,10.7,0.0,157,0.0,HiggRa00
412,412,413,Cody Latimer,DEN,WR,24,12,1,0,0,0,0,0,0,0,0.0,0,15,8,76,9.5,0,0.0,0,0,0.0,0.0,8.0,15.6,15.6,11.6,0.0,159,0.0,LatiCo00
413,413,414,Matt Lengel,NWE,TE,26,6,0,0,0,0,0,0,0,0,0.0,0,3,2,22,11.0,1,0.0,0,1,0.0,0.0,8.0,10.2,10.2,9.2,0.0,78,0.0,LengMa00
414,414,415,Geno Smith,NYJ,QB,26,2,1,8,14,126,1,1,2,9,4.5,0,0,0,0,0.0,0,1.0,0,0,0.0,0.0,8.0,7.9,8.9,8.9,0.0,54,0.0,SmitGe00
415,415,416,Wendall Williams,HOU,WR,26,3,0,0,0,0,0,0,0,0,0.0,0,7,4,75,18.75,0,0.0,0,0,0.0,0.0,8.0,11.5,11.5,9.5,0.0,160,0.0,WillWe00
416,416,417,Malcolm Brown,LAR,RB,23,16,0,0,0,0,0,0,18,39,2.17,0,3,3,46,15.33,0,1.0,1,0,0.0,0.0,7.0,9.5,10.5,8.0,0.0,125,0.0,BrowMa03
417,417,418,Aaron Burbridge,SFO,WR,23,16,3,0,0,0,0,0,0,0,0.0,0,16,7,88,12.57,0,1.0,1,0,0.0,0.0,7.0,13.8,14.8,10.3,0.0,164,0.0,BurbAa00
418,418,419,Michael Campanaro,BAL,WR,25,3,0,0,0,0,0,0,3,72,24.0,0,1,0,0,0.0,0,0.0,0,0,0.0,0.0,7.0,7.2,7.2,7.2,0.0,161,0.0,CampMi02
419,419,420,Josh Doctson,WAS,WR,24,2,0,0,0,0,0,0,0,0,0.0,0,6,2,66,33.0,0,0.0,0,0,0.0,0.0,7.0,8.6,8.6,7.6,0.0,165,0.0,DoctJo00
420,420,421,Alex Erickson,CIN,WR,24,16,0,0,0,0,0,0,0,0,0.0,0,8,6,71,11.83,0,3.0,0,0,0.0,0.0,7.0,13.1,13.1,10.1,0.0,162,0.0,EricAl01
421,421,422,Jerome Felton,BUF,RB,30,15,4,0,0,0,0,0,8,13,1.63,0,9,6,57,9.5,0,0.0,0,0,0.0,0.0,7.0,13.0,13.0,10.0,0.0,124,0.0,FeltJe00
422,422,423,Maurice Harris,WAS,WR,24,10,0,0,0,0,0,0,0,0,0.0,0,12,8,66,8.25,0,1.0,0,0,0.0,0.0,7.0,14.6,14.6,10.6,0.0,166,0.0,HarrMa05
423,423,424,EJ Manuel,BUF,QB,26,6,1,11,26,131,0,0,8,22,2.75,0,0,0,0,0.0,0,2.0,1,0,0.0,1.0,7.0,7.4,8.4,7.4,0.0,56,0.0,ManuEJ00
424,424,425,Byron Marshall,PHI,RB,22,3,0,0,0,0,0,0,19,64,3.37,0,5,3,10,3.33,0,0.0,0,0,0.0,0.0,7.0,10.4,10.4,8.9,0.0,123,0.0,MarsBy01
425,425,426,Keith Mumphery,HOU,WR,24,11,3,0,0,0,0,0,0,0,0.0,0,12,10,69,6.9,0,0.0,0,0,0.0,0.0,7.0,16.9,16.9,11.9,0.0,163,0.0,MumpKe00
426,426,427,Geoff Swaim,DAL,TE,23,9,6,0,0,0,0,0,0,0,0.0,0,8,6,69,11.5,0,0.0,0,0,0.0,0.0,7.0,12.9,12.9,9.9,0.0,80,0.0,SwaiGe00
427,427,428,Keenan Allen,SDG,WR,24,1,1,0,0,0,0,0,0,0,0.0,0,7,6,63,10.5,0,0.0,0,0,0.0,0.0,6.0,12.3,12.3,9.3,0.0,169,0.0,AlleKe00
428,428,429,Jace Amaro,TEN,TE,24,3,0,0,0,0,0,0,0,0,0.0,0,4,3,59,19.67,0,0.0,0,0,0.0,0.0,6.0,8.9,8.9,7.4,0.0,84,0.0,AmarJa00
429,429,430,Brandon Bostick,NYJ,TE,27,16,7,0,0,0,0,0,0,0,0.0,0,11,8,63,7.88,0,0.0,0,0,0.0,0.0,6.0,14.3,14.3,10.3,0.0,81,0.0,BostBr00
430,430,431,Connor Cook,OAK,QB,23,1,0,14,21,150,1,1,0,0,0.0,0,0,0,0,0.0,0,2.0,1,0,0.0,0.0,6.0,6.0,8.0,7.0,0.0,57,0.0,CookCo00
431,431,432,Trevor Davis,GNB,WR,23,11,0,0,0,0,0,0,0,0,0.0,0,7,3,24,8.0,1,2.0,1,1,0.0,0.0,6.0,9.4,10.4,7.9,0.0,167,0.0,DaviTr03
432,432,433,Johnny Holton,OAK,WR,26,15,0,0,0,0,0,0,6,43,7.17,0,3,2,34,17.0,0,1.0,1,0,0.0,0.0,6.0,7.7,8.7,6.7,0.0,171,0.0,HoltJo00
433,433,434,Adrian Peterson,MIN,RB,31,3,3,0,0,0,0,0,37,72,1.95,0,6,3,8,2.67,0,1.0,1,0,0.0,0.0,6.0,9.0,10.0,7.5,0.0,126,0.0,PeteAd01
434,434,435,Phillip Supernaw,TEN,TE,26,15,2,0,0,0,0,0,0,0,0.0,0,5,4,62,15.5,0,0.0,0,0,0.0,0.0,6.0,10.2,10.2,8.2,0.0,82,0.0,SupePh00
435,435,436,De'Anthony Thomas,KAN,WR,23,12,0,0,0,0,0,0,4,29,7.25,0,9,7,35,5.0,0,0.0,0,0,0.0,0.0,6.0,13.4,13.4,9.9,0.0,168,0.0,ThomDe05
436,436,437,D.J. Tialavea,ATL,TE,25,2,0,0,0,0,0,0,0,0,0.0,0,1,1,1,1.0,1,0.0,0,1,0.0,0.0,6.0,7.1,7.1,6.6,0.0,83,0.0,TialD.00
437,437,438,Nick Williams,ATL,WR,26,2,0,0,0,0,0,0,0,0,0.0,0,7,5,59,11.8,0,0.0,0,0,0.0,0.0,6.0,10.9,10.9,8.4,0.0,170,0.0,WillNi02
438,438,439,Javorius Allen,BAL,RB,25,8,0,0,0,0,0,0,9,34,3.78,0,4,3,15,5.0,0,0.0,0,0,0.0,0.0,5.0,7.9,7.9,6.4,0.0,128,0.0,AlleJa01
439,439,440,Knile Davis,2TM,RB,25,11,0,0,0,0,0,0,18,28,1.56,0,7,5,25,5.0,0,0.0,0,0,0.0,0.0,5.0,10.3,10.3,7.8,0.0,127,0.0,DaviKn00
440,440,441,Dwayne Harris,NYG,WR,29,16,1,0,0,0,0,0,0,0,0.0,0,1,1,13,13.0,1,3.0,1,1,0.0,0.0,5.0,6.3,7.3,5.8,0.0,172,0.0,HarrDw00
441,441,442,Tavarres King,NYG,WR,26,7,0,0,0,0,0,0,0,0,0.0,0,4,2,50,25.0,0,0.0,0,0,0.0,0.0,5.0,7.0,7.0,6.0,0.0,173,0.0,KingTa00
442,442,443,Ifeanyi Momah,ARI,WR,27,5,1,0,0,0,0,0,0,0,0.0,0,4,2,50,25.0,0,0.0,0,0,0.0,0.0,5.0,7.0,7.0,6.0,0.0,174,0.0,MomaIf00
443,443,444,Troymaine Pope,2TM,RB,23,4,0,0,0,0,0,0,12,44,3.67,0,2,1,5,5.0,0,0.0,0,0,0.0,0.0,5.0,5.9,5.9,5.4,0.0,129,0.0,PopeTr00
444,444,445,Tony Romo,DAL,QB,36,1,0,3,4,29,1,0,0,0,0.0,0,0,0,0,0.0,0,0.0,0,0,0.0,0.0,5.0,5.2,5.2,5.2,0.0,58,0.0,RomoTo00
445,445,446,Brandon Wilds,NYJ,RB,23,4,0,0,0,0,0,0,10,27,2.7,0,2,2,20,10.0,0,0.0,0,0,0.0,0.0,5.0,6.7,6.7,5.7,0.0,130,0.0,WildBr01
446,446,447,Nick Boyle,BAL,TE,23,6,0,0,0,0,0,0,0,0,0.0,0,6,6,44,7.33,0,0.0,0,0,0.0,0.0,4.0,10.4,10.4,7.4,0.0,85,0.0,BoylNi00
447,447,448,Ben Braunecker,CHI,TE,22,13,2,0,0,0,0,0,0,0,0.0,0,6,4,41,10.25,0,0.0,0,0,0.0,0.0,4.0,8.1,8.1,6.1,0.0,86,0.0,BrauBe00
448,448,449,Quan Bray,IND,WR,23,6,0,0,0,0,0,0,1,7,7.0,0,4,3,36,12.0,0,0.0,0,0,0.0,0.0,4.0,7.3,7.3,5.8,0.0,175,0.0,BrayQu00
449,449,450,Jakeem Grant,MIA,WR,24,16,0,0,0,0,0,0,1,1,1.0,0,1,0,0,0.0,0,4.0,1,1,0.0,0.0,4.0,4.1,5.1,4.1,0.0,176,0.0,GranJa00
450,450,451,Mike James,TAM,RB,25,4,0,0,0,0,0,0,4,19,4.75,0,4,4,22,5.5,0,0.0,0,0,0.0,0.0,4.0,8.1,8.1,6.1,0.0,132,0.0,JameMi00
451,451,452,Taiwan Jones,OAK,RB,28,13,0,0,0,0,0,0,1,-8,-8.0,0,4,4,43,10.75,0,0.0,0,0,0.0,0.0,4.0,7.5,7.5,5.5,0.0,133,0.0,JoneTa00
452,452,453,Daniel Lasco,NOR,RB,24,7,0,0,0,0,0,0,11,32,2.91,0,4,2,11,5.5,0,0.0,0,0,0.0,0.0,4.0,6.3,6.3,5.3,0.0,131,0.0,LascDa00
453,453,454,Bradley Marquez,LAR,WR,24,14,0,0,0,0,0,0,1,2,2.0,0,7,3,37,12.33,0,0.0,0,0,0.0,0.0,4.0,6.9,6.9,5.4,0.0,177,0.0,MarqBr00
454,454,455,Dexter McCluster,SDG,WR,27,6,0,0,0,0,0,0,3,2,0.67,0,11,7,36,5.14,0,0.0,0,0,0.0,0.0,4.0,10.8,10.8,7.3,0.0,178,0.0,McClDe00
455,455,456,Justin Perillo,GNB,TE,25,9,1,0,0,0,0,0,0,0,0.0,0,5,4,35,8.75,0,0.0,0,0,0.0,0.0,4.0,7.5,7.5,5.5,0.0,88,0.0,PeriJu00
456,456,457,Brandon Williams,SEA,TE,29,16,1,0,0,0,0,0,0,0,0.0,0,3,2,36,18.0,0,0.0,0,0,0.0,0.0,4.0,5.6,5.6,4.6,0.0,87,0.0,WillBr04
457,457,458,D.J. Foster,NWE,RB,23,3,0,0,0,0,0,0,7,24,3.43,0,2,1,2,2.0,0,0.0,0,0,0.0,0.0,3.0,3.6,3.6,3.1,0.0,137,0.0,FostD.01
458,458,459,Don Jackson,GNB,RB,23,3,1,0,0,0,0,0,10,32,3.2,0,1,0,0,0.0,0,0.0,0,0,0.0,0.0,3.0,3.2,3.2,3.2,0.0,134,0.0,JackDo01
459,459,460,Malcolm Johnson,CLE,RB,24,7,1,0,0,0,0,0,1,2,2.0,0,7,5,44,8.8,0,1.0,1,0,0.0,0.0,3.0,7.6,8.6,5.1,0.0,138,0.0,JohnMa06
460,460,461,Sean McGrath,SDG,TE,29,16,5,0,0,0,0,0,0,0,0.0,0,2,2,25,12.5,0,0.0,0,0,0.0,0.0,3.0,4.5,4.5,3.5,0.0,91,0.0,McGrSe00
461,461,462,Niles Paul,WAS,WR,27,8,1,0,0,0,0,0,0,0,0.0,0,2,2,27,13.5,0,0.0,0,0,0.0,0.0,3.0,4.7,4.7,3.7,0.0,179,0.0,PaulNi00
462,462,463,Isaiah Pead,MIA,RB,27,3,0,0,0,0,0,0,8,22,2.75,0,1,1,6,6.0,0,0.0,0,0,0.0,0.0,3.0,3.8,3.8,3.3,0.0,135,0.0,PeadIs00
463,463,464,Lee Smith,OAK,TE,29,4,4,0,0,0,0,0,0,0,0.0,0,6,6,29,4.83,0,0.0,0,0,0.0,0.0,3.0,8.9,8.9,5.9,0.0,90,0.0,SmitLe00
464,464,465,Nick Vannett,SEA,TE,23,9,2,0,0,0,0,0,0,0,0.0,0,4,3,32,10.67,0,0.0,0,0,0.0,0.0,3.0,6.2,6.2,4.7,0.0,89,0.0,VannNi00
465,465,466,Danny Vitale,CLE,RB,23,9,3,0,0,0,0,0,0,0,0.0,0,5,4,27,6.75,0,0.0,0,0,0.0,0.0,3.0,6.7,6.7,4.7,0.0,136,0.0,VitaDa00
466,466,467,Antonio Andrews,TEN,RB,24,16,0,0,0,0,0,0,2,15,7.5,0,0,0,0,0.0,0,0.0,0,0,0.0,0.0,2.0,1.5,1.5,1.5,0.0,141,0.0,AndrAn00
467,467,468,Brenton Bersin,CAR,WR,26,10,0,0,0,0,0,0,0,0,0.0,0,6,2,17,8.5,0,0.0,0,0,0.0,0.0,2.0,3.7,3.7,2.7,0.0,186,0.0,BersBr00
468,468,469,Brandon Bolden,NWE,RB,26,14,0,0,0,0,0,0,1,4,4.0,0,4,2,15,7.5,0,0.0,0,0,0.0,0.0,2.0,3.9,3.9,2.9,0.0,139,0.0,BoldBr00
469,469,470,Damiere Byrd,CAR,WR,23,1,0,0,0,0,0,0,0,0,0.0,0,1,1,16,16.0,0,0.0,0,0,0.0,0.0,2.0,2.6,2.6,2.1,0.0,189,0.0,ByrdDa00
470,470,471,James Develin,NWE,TE,28,16,4,0,0,0,0,0,0,0,0.0,0,6,3,18,6.0,0,0.0,0,0,0.0,0.0,2.0,4.8,4.8,3.3,0.0,94,0.0,DeveJa00
471,471,472,Jalston Fowler,TEN,RB,26,16,6,0,0,0,0,0,1,3,3.0,0,2,1,14,14.0,0,0.0,0,0,0.0,0.0,2.0,2.7,2.7,2.2,0.0,140,0.0,FowlJa00
472,472,473,Clay Harbor,2TM,TE,29,15,2,0,0,0,0,0,0,0,0.0,0,3,3,19,6.33,0,0.0,0,0,0.0,0.0,2.0,4.9,4.9,3.4,0.0,93,0.0,HarbCl00
473,473,474,Percy Harvin,BUF,WR,28,2,1,0,0,0,0,0,1,11,11.0,0,4,2,6,3.0,0,0.0,0,0,0.0,0.0,2.0,3.7,3.7,2.7,0.0,187,0.0,HarvPe00
474,474,475,Cardale Jones,BUF,QB,24,1,0,6,11,96,0,1,1,-1,-1.0,0,0,0,0,0.0,0,0.0,0,0,0.0,0.0,2.0,1.7,2.7,2.7,0.0,59,0.0,JoneCa01
475,475,476,Zach Line,MIN,RB,26,15,4,0,0,0,0,0,7,15,2.14,0,3,0,0,0.0,0,0.0,0,0,0.0,0.0,2.0,1.5,1.5,1.5,0.0,142,0.0,LineZa01
476,476,477,Marc Mariani,TEN,WR,29,16,0,0,0,0,0,0,1,15,15.0,0,0,0,0,0.0,0,1.0,0,0,0.0,0.0,2.0,1.5,1.5,1.5,0.0,190,0.0,MariMa00
477,477,478,Matt McGloin,OAK,QB,27,3,1,8,15,50,0,0,3,-3,-1.0,0,0,0,0,0.0,0,0.0,0,0,0.0,0.0,2.0,1.7,1.7,1.7,0.0,60,0.0,McGlMa01
478,478,479,J.D. McKissic,SEA,WR,23,1,0,0,0,0,0,0,1,2,2.0,0,2,2,16,8.0,0,0.0,0,0,0.0,0.0,2.0,3.8,3.8,2.8,0.0,185,0.0,McKiJ.00
479,479,480,Logan Paulsen,CHI,TE,29,16,12,0,0,0,0,0,0,0,0.0,0,10,3,15,5.0,0,0.0,0,0,0.0,0.0,2.0,4.5,4.5,3.0,0.0,96,0.0,PaulLo00
480,480,481,Cedric Peerman,CIN,RB,30,6,0,0,0,0,0,0,6,15,2.5,0,1,0,0,0.0,0,0.0,0,0,0.0,0.0,2.0,1.5,1.5,1.5,0.0,143,0.0,PeerCe00
481,481,482,Jay Prosch,HOU,RB,24,15,1,0,0,0,0,0,4,9,2.25,0,1,1,6,6.0,0,0.0,0,0,0.0,0.0,2.0,2.5,2.5,2.0,0.0,144,0.0,ProsJa00
482,482,483,DeAndre Smelter,SFO,WR,25,2,0,0,0,0,0,0,0,0,0.0,0,1,1,23,23.0,0,0.0,0,0,0.0,0.0,2.0,3.3,3.3,2.8,0.0,181,0.0,SmelDe00
483,483,484,Devin Smith,NYJ,WR,24,4,0,0,0,0,0,0,0,0,0.0,0,3,1,20,20.0,0,0.0,0,0,0.0,0.0,2.0,3.0,3.0,2.5,0.0,183,0.0,SmitDe04
484,484,485,Luke Stocker,TAM,TE,28,12,10,0,0,0,0,0,0,0,0.0,0,8,5,23,4.6,0,0.0,0,0,0.0,0.0,2.0,7.3,7.3,4.8,0.0,92,0.0,StocLu00
485,485,486,Devin Street,IND,WR,25,5,0,0,0,0,0,0,0,0,0.0,0,6,1,20,20.0,0,0.0,0,0,0.0,0.0,2.0,3.0,3.0,2.5,0.0,184,0.0,StreDe00
486,486,487,Mike Thomas,LAR,WR,22,15,0,0,0,0,0,0,0,0,0.0,0,9,3,37,12.33,0,1.0,1,0,0.0,0.0,2.0,4.7,5.7,3.2,0.0,188,0.0,ThomMi04
487,487,488,Ross Travis,KAN,TE,23,6,3,0,0,0,0,0,0,0,0.0,0,6,3,15,5.0,0,0.0,0,0,0.0,0.0,2.0,4.5,4.5,3.0,0.0,97,0.0,TravRo00
488,488,489,Laquon Treadwell,MIN,WR,21,9,1,0,0,0,0,0,0,0,0.0,0,3,1,15,15.0,0,0.0,0,0,0.0,0.0,2.0,2.5,2.5,2.0,0.0,191,0.0,TreaLa00
489,489,490,Griff Whalen,SDG,WR,26,8,0,0,0,0,0,0,0,0,0.0,0,4,2,22,11.0,0,0.0,0,0,0.0,0.0,2.0,4.2,4.2,3.2,0.0,182,0.0,WhalGr00
490,490,491,Cole Wick,DET,TE,23,6,0,0,0,0,0,0,0,0,0.0,0,3,2,18,9.0,0,0.0,0,0,0.0,0.0,2.0,3.8,3.8,2.8,0.0,95,0.0,WickCo00
491,491,492,Shane Wynn,JAX,WR,24,5,0,0,0,0,0,0,2,5,2.5,0,3,1,19,19.0,0,0.0,0,0,0.0,0.0,2.0,3.4,3.4,2.9,0.0,180,0.0,WynnSh00
492,492,493,Jared Abbrederis,GNB,WR,26,5,0,0,0,0,0,0,0,0,0.0,0,2,1,8,8.0,0,0.0,0,0,0.0,0.0,1.0,1.8,1.8,1.3,0.0,195,0.0,AbbrJa00
493,493,494,Joe Banyard,JAX,RB,28,1,0,0,0,0,0,0,2,7,3.5,0,0,0,0,0.0,0,0.0,0,0,0.0,0.0,1.0,0.7,0.7,0.7,0.0,151,0.0,BanyJo00
494,494,495,Jeremy Butler,SDG,WR,25,4,0,0,0,0,0,0,0,0,0.0,0,2,2,11,5.5,0,0.0,0,0,0.0,0.0,1.0,3.1,3.1,2.1,0.0,193,0.0,ButlJe01
495,495,496,Derek Carrier,WAS,TE,26,8,0,0,0,0,0,0,0,0,0.0,0,2,2,10,5.0,0,0.0,0,0,0.0,0.0,1.0,3.0,3.0,2.0,0.0,104,0.0,CarrDe00
496,496,497,Gerald Christian,BUF,TE,25,3,0,0,0,0,0,0,0,0,0.0,0,2,1,14,14.0,0,0.0,0,0,0.0,0.0,1.0,2.4,2.4,1.9,0.0,98,0.0,ChriGe00
497,497,498,Chase Daniel,PHI,QB,30,1,0,1,1,16,0,0,0,0,0.0,0,0,0,0,0.0,0,0.0,0,0,0.0,0.0,1.0,0.6,0.6,0.6,0.0,62,0.0,DaniCh00
498,498,499,Alex Ellis,JAX,TE,23,6,3,0,0,0,0,0,0,0,0.0,0,4,3,11,3.67,0,0.0,0,0,0.0,0.0,1.0,4.1,4.1,2.6,0.0,103,0.0,ElliAl01
499,499,500,David Fales,CHI,QB,26,1,0,2,5,22,0,0,1,0,0.0,0,0,0,0,0.0,0,1.0,0,0,0.0,0.0,1.0,0.9,0.9,0.9,0.0,61,0.0,FaleDa00
500,500,501,George Farmer,SEA,RB,23,2,0,0,0,0,0,0,1,1,1.0,0,3,1,4,4.0,0,0.0,0,0,0.0,0.0,1.0,1.5,1.5,1.0,0.0,155,0.0,FarmGe02
501,501,502,Rashad Greene,JAX,WR,24,8,0,0,0,0,0,0,0,0,0.0,0,8,5,32,6.4,0,4.0,1,0,0.0,0.0,1.0,6.2,7.2,3.7,0.0,192,0.0,GreeRa00
502,502,503,Je'Ron Hamm,SFO,TE,24,5,0,0,0,0,0,0,0,0,0.0,0,4,2,13,6.5,0,0.0,0,0,0.0,0.0,1.0,3.3,3.3,2.3,0.0,99,0.0,HammJe01
503,503,504,Ryan Hewitt,CIN,TE,25,16,11,0,0,0,0,0,0,0,0.0,0,3,2,13,6.5,0,0.0,0,0,0.0,0.0,1.0,3.3,3.3,2.3,0.0,100,0.0,HewiRy00
504,504,505,Bronson Hill,JAX,RB,23,3,0,0,0,0,0,0,2,11,5.5,0,1,0,0,0.0,0,0.0,0,0,0.0,0.0,1.0,1.1,1.1,1.1,0.0,147,0.0,HillBr01
505,505,506,Henry Krieger-Coble,DEN,TE,24,2,0,0,0,0,0,0,0,0,0.0,0,1,1,13,13.0,0,0.0,0,0,0.0,0.0,1.0,2.3,2.3,1.8,0.0,101,0.0,KrieHe00
506,506,507,Paul Lasike,CHI,RB,26,10,3,0,0,0,0,0,3,8,2.67,0,1,1,3,3.0,0,0.0,0,0,0.0,0.0,1.0,2.1,2.1,1.6,0.0,148,0.0,LasiPa00
507,507,508,Terrence Magee,SEA,RB,23,2,0,0,0,0,0,0,3,12,4.0,0,0,0,0,0.0,0,0.0,0,0,0.0,0.0,1.0,1.2,1.2,1.2,0.0,145,0.0,MageTe00
508,508,509,Chris Manhertz,2TM,TE,24,7,2,0,0,0,0,0,0,0,0.0,0,1,1,10,10.0,0,0.0,0,0,0.0,0.0,1.0,2.0,2.0,1.5,0.0,105,0.0,ManhCh00
509,509,510,Paul McRoberts,LAR,WR,24,2,0,0,0,0,0,0,0,0,0.0,0,1,1,6,6.0,0,0.0,0,0,0.0,0.0,1.0,1.6,1.6,1.1,0.0,197,0.0,McRoPa00
510,510,511,Raheem Mostert,2TM,RB,24,3,0,0,0,0,0,0,1,6,6.0,0,0,0,0,0.0,0,0.0,0,0,0.0,0.0,1.0,0.6,0.6,0.6,0.0,154,0.0,MostRa00
511,511,512,Matthew Mulligan,DET,TE,31,8,0,0,0,0,0,0,0,0,0.0,0,1,1,8,8.0,0,0.0,0,0,0.0,0.0,1.0,1.8,1.8,1.3,0.0,106,0.0,MullMa00
512,512,513,Roosevelt Nix,PIT,RB,24,10,2,0,0,0,0,0,0,0,0.0,0,2,2,5,2.5,0,0.0,0,0,0.0,0.0,1.0,2.5,2.5,1.5,0.0,156,0.0,NixxRo01
513,513,514,MyCole Pruitt,2TM,TE,24,4,0,0,0,0,0,0,0,0,0.0,0,2,2,13,6.5,0,0.0,0,0,0.0,0.0,1.0,3.3,3.3,2.3,0.0,102,0.0,PruiMy00
514,514,515,Daryl Richardson,PIT,RB,26,3,0,0,0,0,0,0,2,7,3.5,0,0,0,0,0.0,0,0.0,0,0,0.0,0.0,1.0,0.7,0.7,0.7,0.0,152,0.0,RichDa00
515,515,516,Stevan Ridley,ATL,RB,27,1,0,0,0,0,0,0,3,7,2.33,0,0,0,0,0.0,0,0.0,0,0,0.0,0.0,1.0,0.7,0.7,0.7,0.0,153,0.0,RidlSt00
516,516,517,Rashad Ross,WAS,WR,26,5,0,0,0,0,0,0,0,0,0.0,0,1,1,8,8.0,0,0.0,0,0,0.0,0.0,1.0,1.8,1.8,1.3,0.0,196,0.0,RossRa00
517,517,518,Anthony Sherman,KAN,RB,28,16,3,0,0,0,0,0,0,0,0.0,0,6,4,11,2.75,0,0.0,0,0,0.0,0.0,1.0,5.1,5.1,3.1,0.0,149,0.0,SherAn00
518,518,519,Lorenzo Taliaferro,BAL,RB,25,3,0,0,0,0,0,0,1,0,0.0,0,3,3,10,3.33,0,0.0,0,0,0.0,0.0,1.0,4.0,4.0,2.5,0.0,150,0.0,TaliLo00
519,519,520,Stepfan Taylor,ARI,RB,25,15,0,0,0,0,0,0,4,12,3.0,0,0,0,0,0.0,0,0.0,0,0,0.0,0.0,1.0,1.2,1.2,1.2,0.0,146,0.0,TaylSt00
520,520,521,Tony Washington,JAX,WR,24,2,0,0,0,0,0,0,0,0,0.0,0,1,1,9,9.0,0,0.0,0,0,0.0,0.0,1.0,1.9,1.9,1.4,0.0,194,0.0,WashTo00
521,521,522,Mario Alford,CLE,0,24,3,0,0,0,0,0,0,0,0,0.0,0,0,0,0,0.0,0,0.0,0,0,0.0,0.0,0.0,0.0,0.0,0.0,0.0,200,0.0,AlfoMa00
522,522,523,Joique Bell,2TM,RB,30,7,0,0,0,0,0,0,3,6,2.0,0,1,1,-2,-2.0,0,0.0,0,0,0.0,0.0,0.0,1.4,1.4,0.9,0.0,157,0.0,BellJo01
523,523,524,Braedon Bowman,NYJ,0,22,3,0,0,0,0,0,0,0,0,0.0,0,1,0,0,0.0,0,0.0,0,0,0.0,0.0,0.0,0.0,0.0,0.0,0.0,109,0.0,BowmBr00
524,524,525,Daniel Braverman,CHI,0,23,3,0,0,0,0,0,0,0,0,0.0,0,2,0,0,0.0,0,0.0,0,0,0.0,0.0,0.0,0.0,0.0,0.0,0.0,201,0.0,BravDa00
525,525,526,Brandon Burks,NYJ,RB,23,1,0,0,0,0,0,0,2,-4,-2.0,0,0,0,0,0.0,0,0.0,0,0,0.0,0.0,0.0,-0.4,-0.4,-0.4,0.0,164,0.0,BurkBr00
526,526,527,Isaiah Burse,SDG,0,25,9,1,0,0,0,0,0,0,0,0.0,0,4,0,0,0.0,0,0.0,0,0,0.0,0.0,0.0,0.0,0.0,0.0,0.0,202,0.0,BursIs01
527,527,528,Michael Burton,DET,0,24,15,0,0,0,0,0,0,0,0,0.0,0,1,0,0,0.0,0,0.0,0,0,0.0,0.0,0.0,0.0,0.0,0.0,0.0,1,0.0,BurtMi00
528,528,529,Orson Charles,DET,0,25,2,0,0,0,0,0,0,0,0,0.0,0,0,0,0,0.0,0,0.0,0,0,0.0,0.0,0.0,0.0,0.0,0.0,0.0,110,0.0,CharOr00
529,529,530,Kellen Clemens,SDG,QB,33,12,0,0,1,0,0,0,2,-1,-0.5,0,0,0,0,0.0,0,0.0,0,0,0.0,0.0,0.0,-0.1,-0.1,-0.1,0.0,66,0.0,ClemKe00
530,530,531,Asante Cleveland,SDG,0,24,4,0,0,0,0,0,0,0,0,0.0,0,0,0,0,0.0,0,0.0,0,0,0.0,0.0,0.0,0.0,0.0,0.0,0.0,111,0.0,ClevAs00
531,531,532,Chase Coffman,IND,0,30,2,0,0,0,0,0,0,0,0,0.0,0,0,0,0,0.0,0,0.0,0,0,0.0,0.0,0.0,0.0,0.0,0.0,0.0,112,0.0,CoffCh00
532,532,533,Geremy Davis,SDG,0,24,3,0,0,0,0,0,0,0,0,0.0,0,2,0,0,0.0,0,0.0,0,0,0.0,0.0,0.0,0.0,0.0,0.0,0.0,203,0.0,DaviGe00
533,533,534,Kellen Davis,NYJ,0,31,8,7,0,0,0,0,0,0,0,0.0,0,1,0,0,0.0,0,0.0,0,0,0.0,0.0,0.0,0.0,0.0,0.0,0.0,113,0.0,DaviKe01
534,534,535,Jim Dray,2TM,0,30,6,2,0,0,0,0,0,0,0,0.0,0,0,0,0,0.0,0,0.0,0,0,0.0,0.0,0.0,0.0,0.0,0.0,0.0,114,0.0,DrayJi00
535,535,536,Thomas Duarte,MIA,0,21,1,0,0,0,0,0,0,0,0,0.0,0,0,0,0,0.0,0,0.0,0,0,0.0,0.0,0.0,0.0,0.0,0.0,0.0,204,0.0,DuarTh00
536,536,537,Donteea Dye,TAM,0,23,1,0,0,0,0,0,0,0,0,0.0,0,0,0,0,0.0,0,0.0,0,0,0.0,0.0,0.0,0.0,0.0,0.0,0.0,205,0.0,DyexDo00
537,537,538,Isaac Fruechte,MIN,0,25,1,0,0,0,0,0,0,0,0,0.0,0,1,0,0,0.0,0,0.0,0,0,0.0,0.0,0.0,0.0,0.0,0.0,0.0,206,0.0,FrueIs00
538,538,539,Manasseh Garner,BUF,0,24,1,0,0,0,0,0,0,0,0,0.0,0,0,0,0,0.0,0,0.0,0,0,0.0,0.0,0.0,0.0,0.0,0.0,0.0,115,0.0,GarnMa00
539,539,540,Aaron Green,LAR,0,24,2,0,0,0,0,0,0,0,0,0.0,0,0,0,0,0.0,0,0.0,0,0,0.0,0.0,0.0,0.0,0.0,0.0,0.0,161,0.0,GreeAa01
540,540,541,Glenn Gronkowski,BUF,0,23,1,0,0,0,0,0,0,0,0,0.0,0,0,0,0,0.0,0,0.0,0,0,0.0,0.0,0.0,0.0,0.0,0.0,0.0,2,0.0,GronGl01
541,541,542,Russell Hansbrough,TAM,0,23,2,0,0,0,0,0,0,0,0,0.0,0,0,0,0,0.0,0,0.0,0,0,0.0,0.0,0.0,0.0,0.0,0.0,0.0,162,0.0,HansRu00
542,542,543,Cory Harkey,LAR,0,26,12,0,0,0,0,0,0,0,0,0.0,0,0,0,0,0.0,0,0.0,0,0,0.0,0.0,0.0,0.0,0.0,0.0,0.0,116,0.0,HarkCo00
543,543,544,Clark Harris,CIN,0,32,13,0,0,0,0,0,0,0,0,0.0,0,0,0,0,0.0,0,0.0,0,0,0.0,0.0,0.0,0.0,0.0,0.0,0.0,117,0.0,HarrCl20
544,544,545,Temarrick Hemingway,LAR,0,23,8,0,0,0,0,0,0,0,0,0.0,0,0,0,0,0.0,0,0.0,0,0,0.0,0.0,0.0,0.0,0.0,0.0,0.0,118,0.0,HemiTe00
545,545,546,Chad Henne,JAX,QB,31,1,0,0,0,0,0,0,1,-2,-2.0,0,0,0,0,0.0,0,0.0,0,0,0.0,0.0,0.0,-0.2,-0.2,-0.2,0.0,67,0.0,HennCh01
546,546,547,Julian Howsare,NYJ,0,24,2,0,0,0,0,0,0,0,0,0.0,0,0,0,0,0.0,0,0.0,0,0,0.0,0.0,0.0,0.0,0.0,0.0,0.0,3,0.0,HowsJu00
547,547,548,Joe Kerridge,GNB,RB,24,8,0,0,0,0,0,0,1,0,0.0,0,0,0,0,0.0,0,0.0,0,0,0.0,0.0,0.0,0.0,0.0,0.0,0.0,163,0.0,KerrJo00
548,548,549,Jake Lampman,NOR,0,23,6,0,0,0,0,0,0,0,0,0.0,0,0,0,0,0.0,0,0.0,0,0,0.0,0.0,0.0,0.0,0.0,0.0,0.0,207,0.0,LampJa00
549,549,550,Khari Lee,DET,0,24,8,0,0,0,0,0,0,0,0,0.0,0,1,0,0,0.0,0,0.0,0,0,0.0,0.0,0.0,0.0,0.0,0.0,0.0,119,0.0,LeexKh00
550,550,551,Dezmin Lewis,BUF,0,24,1,0,0,0,0,0,0,0,0,0.0,0,1,0,0,0.0,0,0.0,0,0,0.0,0.0,0.0,0.0,0.0,0.0,0.0,208,0.0,LewiDe02
551,551,552,Tony Lippett,MIA,0,24,16,13,0,0,0,0,0,0,0,0.0,0,0,0,0,0.0,0,0.0,0,0,0.0,0.0,0.0,0.0,0.0,0.0,0.0,209,0.0,LippTo00
552,552,553,Vince Mayle,DAL,0,25,6,0,0,0,0,0,0,0,0,0.0,0,0,0,0,0.0,0,0.0,0,0,0.0,0.0,0.0,0.0,0.0,0.0,0.0,210,0.0,MaylVi00
553,553,554,Tre McBride,TEN,0,24,2,0,0,0,0,0,0,0,0,0.0,0,0,0,0,0.0,0,0.0,0,0,0.0,0.0,0.0,0.0,0.0,0.0,0.0,211,0.0,McBrTr00
554,554,555,A.J. McCarron,CIN,0,26,1,0,0,0,0,0,0,0,0,0.0,0,0,0,0,0.0,0,0.0,0,0,0.0,0.0,0.0,0.0,0.0,0.0,0.0,64,0.0,McCaA.00
555,555,556,David Morgan,MIN,TE,23,12,0,0,0,0,0,0,0,0,0.0,0,1,1,4,4.0,0,0.0,0,0,0.0,0.0,0.0,1.4,1.4,0.9,0.0,107,0.0,MorgDa01
556,556,557,Marcus Murphy,NOR,RB,25,3,0,0,0,0,0,0,0,0,0.0,0,1,1,3,3.0,0,0.0,0,0,0.0,0.0,0.0,1.3,1.3,0.8,0.0,159,0.0,MurpMa03
557,557,558,Troy Niklas,ARI,TE,24,3,2,0,0,0,0,0,0,0,0.0,0,2,1,0,0.0,0,0.0,0,0,0.0,0.0,0.0,1.0,1.0,0.5,0.0,120,0.0,NiklTr00
558,558,559,James O'Shaughnessy,KAN,TE,24,16,3,0,0,0,0,0,0,0,0.0,0,3,2,-1,-0.5,0,0.0,0,0,0.0,0.0,0.0,1.9,1.9,0.9,0.0,127,0.0,O'ShJa00
559,559,560,Ryan O'Malley,OAK,0,23,1,0,0,0,0,0,0,0,0,0.0,0,0,0,0,0.0,0,0.0,0,0,0.0,0.0,0.0,0.0,0.0,0.0,0.0,121,0.0,OMalRy00
560,560,561,Jordan Payton,CLE,WR,23,4,0,0,0,0,0,0,0,0,0.0,0,3,1,3,3.0,0,0.0,0,0,0.0,0.0,0.0,1.3,1.3,0.8,0.0,198,0.0,PaytJo00
561,561,562,Demarcus Robinson,KAN,0,22,16,0,0,0,0,0,0,0,0,0.0,0,0,0,0,0.0,0,0.0,0,0,0.0,0.0,0.0,0.0,0.0,0.0,0.0,212,0.0,RobiDe01
562,562,563,Khiry Robinson,NYJ,RB,27,1,0,0,0,0,0,0,8,22,2.75,0,0,0,0,0.0,0,1.0,1,0,0.0,0.0,0.0,0.2,1.2,0.2,0.0,160,0.0,RobiKh00
563,563,564,Mark Sanchez,DAL,QB,30,2,0,10,18,93,0,2,4,-2,-0.5,0,0,0,0,0.0,0,0.0,0,0,0.0,0.0,0.0,-0.5,1.5,1.5,0.0,68,0.0,SancMa00
564,564,565,Matt Schaub,ATL,QB,35,4,0,1,3,16,0,0,2,-2,-1.0,0,0,0,0,0.0,0,0.0,0,0,0.0,0.0,0.0,0.4,0.4,0.4,0.0,63,0.0,SchaMa00
565,565,566,Rashawn Scott,MIA,0,24,2,0,0,0,0,0,0,0,0,0.0,0,0,0,0,0.0,0,0.0,0,0,0.0,0.0,0.0,0.0,0.0,0.0,0.0,213,0.0,ScotRa01
566,566,567,Scott Simonson,CAR,0,24,5,1,0,0,0,0,0,0,0,0.0,0,0,0,0,0.0,0,0.0,0,0,0.0,0.0,0.0,0.0,0.0,0.0,0.0,122,0.0,SimoSc00
567,567,568,Rod Smith,DAL,RB,24,7,0,0,0,0,0,0,0,0,0.0,0,1,1,4,4.0,0,0.0,0,0,0.0,0.0,0.0,1.4,1.4,0.9,0.0,158,0.0,SmitRo06
568,568,569,Tevaun Smith,IND,0,23,2,0,0,0,0,0,0,0,0,0.0,0,0,0,0,0.0,0,0.0,0,0,0.0,0.0,0.0,0.0,0.0,0.0,0.0,214,0.0,SmitTe03
569,569,570,Nate Solder,NWE,0,28,15,15,0,0,0,0,0,0,0,0.0,0,0,0,0,0.0,0,0.0,0,0,0.0,0.0,0.0,0.0,0.0,0.0,0.0,123,0.0,SoldNa00
570,570,571,Randall Telfer,CLE,TE,24,14,5,0,0,0,0,0,0,0,0.0,0,7,2,4,2.0,0,0.0,0,0,0.0,0.0,0.0,2.4,2.4,1.4,0.0,108,0.0,TelfRa00
571,571,572,Eric Tomlinson,NYJ,0,24,7,5,0,0,0,0,0,0,0,0.0,0,0,0,0,0.0,0,0.0,0,0,0.0,0.0,0.0,0.0,0.0,0.0,0.0,124,0.0,TomlEr01
572,572,573,Hakeem Valles,ARI,0,24,11,1,0,0,0,0,0,0,0,0.0,0,2,0,0,0.0,0,0.0,0,0,0.0,0.0,0.0,0.0,0.0,0.0,0.0,125,0.0,VallHa00
573,573,574,Joe Webb,CAR,WR,30,14,0,0,0,0,0,0,0,0,0.0,0,3,1,3,3.0,0,0.0,0,0,0.0,0.0,0.0,1.3,1.3,0.8,0.0,199,0.0,WebbJo00
574,574,575,Eric Weems,ATL,0,31,16,0,0,0,0,0,0,0,0,0.0,0,0,0,0,0.0,0,0.0,0,0,0.0,0.0,0.0,0.0,0.0,0.0,0.0,215,0.0,WeemEr00
575,575,576,Kasen Williams,SEA,0,24,1,0,0,0,0,0,0,0,0,0.0,0,1,0,0,0.0,0,0.0,0,0,0.0,0.0,0.0,0.0,0.0,0.0,0.0,216,0.0,WillKa02
576,576,577,Maxx Williams,BAL,0,22,4,0,0,0,0,0,0,0,0,0.0,0,0,0,0,0.0,0,0.0,0,0,0.0,0.0,0.0,0.0,0.0,0.0,0.0,126,0.0,WillMa04
577,577,578,T.J. Yates,MIA,0,29,0,0,0,0,0,0,0,0,0,0.0,0,0,0,0,0.0,0,0.0,0,0,0.0,0.0,0.0,0.0,0.0,0.0,0.0,65,0.0,YateT.00
578,578,579,Bralon Addison,CHI,RB,23,2,0,0,0,0,0,0,1,4,4.0,0,1,1,11,11.0,0,1.0,1,0,0.0,0.0,-1.0,0.5,1.5,0.0,0.0,165,0.0,AddiBr01
579,579,580,Sean Mannion,LAR,QB,24,1,0,3,6,19,0,1,1,-1,-1.0,0,0,0,0,0.0,0,1.0,0,0,0.0,0.0,-1.0,-1.3,-0.3,-0.3,0.0,69,0.0,MannSe00
580,580,581,Tyler Ervin,HOU,RB,23,12,0,0,0,0,0,0,1,3,3.0,0,5,3,18,6.0,0,3.0,2,0,0.0,0.0,-2.0,1.1,3.1,-0.4,0.0,166,0.0,ErviTy00
581,581,582,Brett Hundley,GNB,QB,23,4,0,2,10,17,0,1,3,-2,-0.67,0,0,0,0,0.0,0,1.0,0,0,0.0,0.0,-2.0,-1.5,-0.5,-0.5,0.0,70,0.0,HundBr00
582,582,583,Keshawn Martin,SFO,0,26,1,0,0,0,0,0,0,0,0,0.0,0,0,0,0,0.0,0,1.0,1,0,0.0,0.0,-2.0,-2.0,-1.0,-2.0,0.0,218,0.0,MartKe01
583,583,584,Kalif Raymond,DEN,0,22,4,0,0,0,0,0,0,0,0,0.0,0,2,0,0,0.0,0,2.0,1,0,0.0,0.0,-2.0,-2.0,-1.0,-2.0,0.0,219,0.0,RaymKa00
584,584,585,Matthew Slater,NWE,WR,31,13,0,0,0,0,0,0,1,5,5.0,0,1,0,0,0.0,0,2.0,1,0,0.0,0.0,-2.0,-1.5,-0.5,-1.5,0.0,217,0.0,SlatMa00
